id,item_id,dept_id,cat_id,store_id,state_id,total_sales,stratum
FOODS_3_090_CA_3_evaluation,FOODS_3_090,FOODS_3,FOODS,CA_3,CA,250502,FOODS_top
FOODS_3_586_TX_2_evaluation,FOODS_3_586,FOODS_3,FOODS,TX_2,TX,192835,FOODS_top
FOODS_3_586_TX_3_evaluation,FOODS_3_586,FOODS_3,FOODS,TX_3,TX,150122,FOODS_top
FOODS_3_586_CA_3_evaluation,FOODS_3_586,FOODS_3,FOODS,CA_3,CA,134386,FOODS_top
FOODS_3_090_CA_1_evaluation,FOODS_3_090,FOODS_3,FOODS,CA_1,CA,127203,FOODS_top
FOODS_3_090_WI_3_evaluation,FOODS_3_090,FOODS_3,FOODS,WI_3,WI,121434,FOODS_top
FOODS_3_090_TX_2_evaluation,FOODS_3_090,FOODS_3,FOODS,TX_2,TX,119496,FOODS_top
FOODS_3_090_TX_3_evaluation,FOODS_3_090,FOODS_3,FOODS,TX_3,TX,114854,FOODS_top
FOODS_3_252_TX_2_evaluation,FOODS_3_252,FOODS_3,FOODS,TX_2,TX,114153,FOODS_top
FOODS_3_586_TX_1_evaluation,FOODS_3_586,FOODS_3,FOODS,TX_1,TX,112454,FOODS_top
FOODS_3_226_WI_3_evaluation,FOODS_3_226,FOODS_3,FOODS,WI_3,WI,98227,FOODS_top
FOODS_3_555_TX_2_evaluation,FOODS_3_555,FOODS_3,FOODS,TX_2,TX,97496,FOODS_top
FOODS_3_090_TX_1_evaluation,FOODS_3_090,FOODS_3,FOODS,TX_1,TX,93684,FOODS_top
FOODS_3_120_CA_3_evaluation,FOODS_3_120,FOODS_3,FOODS,CA_3,CA,88795,FOODS_top
FOODS_3_586_CA_1_evaluation,FOODS_3_586,FOODS_3,FOODS,CA_1,CA,87691,FOODS_top
FOODS_3_252_TX_3_evaluation,FOODS_3_252,FOODS_3,FOODS,TX_3,TX,86632,FOODS_top
FOODS_3_586_WI_3_evaluation,FOODS_3_586,FOODS_3,FOODS,WI_3,WI,86080,FOODS_top
FOODS_3_694_WI_3_evaluation,FOODS_3_694,FOODS_3,FOODS,WI_3,WI,85633,FOODS_top
FOODS_3_252_CA_3_evaluation,FOODS_3_252,FOODS_3,FOODS,CA_3,CA,81456,FOODS_top
FOODS_3_541_CA_3_evaluation,FOODS_3_541,FOODS_3,FOODS,CA_3,CA,80491,FOODS_top
FOODS_3_635_CA_3_evaluation,FOODS_3_635,FOODS_3,FOODS,CA_3,CA,80222,FOODS_top
FOODS_3_226_WI_1_evaluation,FOODS_3_226,FOODS_3,FOODS,WI_1,WI,78993,FOODS_top
FOODS_3_555_TX_3_evaluation,FOODS_3_555,FOODS_3,FOODS,TX_3,TX,77673,FOODS_top
FOODS_3_252_CA_1_evaluation,FOODS_3_252,FOODS_3,FOODS,CA_1,CA,74971,FOODS_top
FOODS_3_377_TX_3_evaluation,FOODS_3_377,FOODS_3,FOODS,TX_3,TX,73797,FOODS_top
FOODS_3_808_CA_3_evaluation,FOODS_3_808,FOODS_3,FOODS,CA_3,CA,72591,FOODS_top
FOODS_3_587_CA_3_evaluation,FOODS_3_587,FOODS_3,FOODS,CA_3,CA,70324,FOODS_top
FOODS_3_226_WI_2_evaluation,FOODS_3_226,FOODS_3,FOODS,WI_2,WI,69966,FOODS_top
FOODS_3_555_TX_1_evaluation,FOODS_3_555,FOODS_3,FOODS,TX_1,TX,69516,FOODS_top
FOODS_3_586_CA_2_evaluation,FOODS_3_586,FOODS_3,FOODS,CA_2,CA,63416,FOODS_top
FOODS_3_377_TX_2_evaluation,FOODS_3_377,FOODS_3,FOODS,TX_2,TX,63174,FOODS_top
FOODS_3_120_CA_1_evaluation,FOODS_3_120,FOODS_3,FOODS,CA_1,CA,61899,FOODS_top
FOODS_3_694_WI_2_evaluation,FOODS_3_694,FOODS_3,FOODS,WI_2,WI,59235,FOODS_top
FOODS_3_555_CA_3_evaluation,FOODS_3_555,FOODS_3,FOODS,CA_3,CA,59092,FOODS_top
FOODS_3_555_WI_3_evaluation,FOODS_3_555,FOODS_3,FOODS,WI_3,WI,57969,FOODS_top
FOODS_3_252_CA_2_evaluation,FOODS_3_252,FOODS_3,FOODS,CA_2,CA,57328,FOODS_top
FOODS_3_252_TX_1_evaluation,FOODS_3_252,FOODS_3,FOODS,TX_1,TX,56294,FOODS_top
FOODS_3_090_CA_2_evaluation,FOODS_3_090,FOODS_3,FOODS,CA_2,CA,56169,FOODS_top
FOODS_3_681_CA_3_evaluation,FOODS_3_681,FOODS_3,FOODS,CA_3,CA,55537,FOODS_top
FOODS_3_318_WI_3_evaluation,FOODS_3_318,FOODS_3,FOODS,WI_3,WI,54770,FOODS_top
FOODS_3_714_WI_3_evaluation,FOODS_3_714,FOODS_3,FOODS,WI_3,WI,54755,FOODS_top
FOODS_3_714_CA_1_evaluation,FOODS_3_714,FOODS_3,FOODS,CA_1,CA,54080,FOODS_top
FOODS_3_090_CA_4_evaluation,FOODS_3_090,FOODS_3,FOODS,CA_4,CA,52264,FOODS_top
FOODS_3_007_WI_2_evaluation,FOODS_3_007,FOODS_3,FOODS,WI_2,WI,52020,FOODS_top
FOODS_3_714_CA_3_evaluation,FOODS_3_714,FOODS_3,FOODS,CA_3,CA,51893,FOODS_top
FOODS_3_587_CA_1_evaluation,FOODS_3_587,FOODS_3,FOODS,CA_1,CA,51717,FOODS_top
FOODS_3_202_CA_3_evaluation,FOODS_3_202,FOODS_3,FOODS,CA_3,CA,51694,FOODS_top
FOODS_3_587_TX_2_evaluation,FOODS_3_587,FOODS_3,FOODS,TX_2,TX,50127,FOODS_top
FOODS_3_234_WI_2_evaluation,FOODS_3_234,FOODS_3,FOODS,WI_2,WI,50043,FOODS_top
FOODS_3_607_CA_3_evaluation,FOODS_3_607,FOODS_3,FOODS,CA_3,CA,49122,FOODS_top
FOODS_3_587_TX_1_evaluation,FOODS_3_587,FOODS_3,FOODS,TX_1,TX,48277,FOODS_top
FOODS_3_681_WI_3_evaluation,FOODS_3_681,FOODS_3,FOODS,WI_3,WI,48163,FOODS_top
FOODS_2_360_WI_2_evaluation,FOODS_2_360,FOODS_2,FOODS,WI_2,WI,48043,FOODS_top
FOODS_3_030_TX_3_evaluation,FOODS_3_030,FOODS_3,FOODS,TX_3,TX,47976,FOODS_top
FOODS_3_281_CA_3_evaluation,FOODS_3_281,FOODS_3,FOODS,CA_3,CA,47446,FOODS_top
FOODS_3_319_CA_3_evaluation,FOODS_3_319,FOODS_3,FOODS,CA_3,CA,46736,FOODS_top
FOODS_3_808_CA_1_evaluation,FOODS_3_808,FOODS_3,FOODS,CA_1,CA,46094,FOODS_top
FOODS_3_714_TX_2_evaluation,FOODS_3_714,FOODS_3,FOODS,TX_2,TX,45555,FOODS_top
FOODS_1_218_TX_2_evaluation,FOODS_1_218,FOODS_1,FOODS,TX_2,TX,44873,FOODS_top
FOODS_3_723_CA_3_evaluation,FOODS_3_723,FOODS_3,FOODS,CA_3,CA,44780,FOODS_top
FOODS_3_318_CA_3_evaluation,FOODS_3_318,FOODS_3,FOODS,CA_3,CA,44736,FOODS_top
FOODS_3_752_CA_3_evaluation,FOODS_3_752,FOODS_3,FOODS,CA_3,CA,44141,FOODS_top
FOODS_3_202_TX_2_evaluation,FOODS_3_202,FOODS_3,FOODS,TX_2,TX,43772,FOODS_top
FOODS_3_714_TX_1_evaluation,FOODS_3_714,FOODS_3,FOODS,TX_1,TX,43567,FOODS_top
FOODS_3_120_WI_3_evaluation,FOODS_3_120,FOODS_3,FOODS,WI_3,WI,43376,FOODS_top
FOODS_2_197_CA_3_evaluation,FOODS_2_197,FOODS_2,FOODS,CA_3,CA,43148,FOODS_top
FOODS_3_030_TX_2_evaluation,FOODS_3_030,FOODS_3,FOODS,TX_2,TX,43041,FOODS_top
FOODS_3_234_CA_3_evaluation,FOODS_3_234,FOODS_3,FOODS,CA_3,CA,42764,FOODS_top
FOODS_3_234_WI_3_evaluation,FOODS_3_234,FOODS_3,FOODS,WI_3,WI,42582,FOODS_top
FOODS_3_694_CA_3_evaluation,FOODS_3_694,FOODS_3,FOODS,CA_3,CA,42459,FOODS_top
FOODS_3_711_WI_2_evaluation,FOODS_3_711,FOODS_3,FOODS,WI_2,WI,42212,FOODS_top
FOODS_3_376_WI_2_evaluation,FOODS_3_376,FOODS_3,FOODS,WI_2,WI,42077,FOODS_top
FOODS_3_282_CA_3_evaluation,FOODS_3_282,FOODS_3,FOODS,CA_3,CA,41768,FOODS_top
FOODS_3_587_WI_3_evaluation,FOODS_3_587,FOODS_3,FOODS,WI_3,WI,41634,FOODS_top
FOODS_3_202_TX_3_evaluation,FOODS_3_202,FOODS_3,FOODS,TX_3,TX,41551,FOODS_top
FOODS_3_694_WI_1_evaluation,FOODS_3_694,FOODS_3,FOODS,WI_1,WI,41228,FOODS_top
FOODS_3_547_WI_2_evaluation,FOODS_3_547,FOODS_3,FOODS,WI_2,WI,41089,FOODS_top
FOODS_2_197_CA_1_evaluation,FOODS_2_197,FOODS_2,FOODS,CA_1,CA,40698,FOODS_top
FOODS_3_714_TX_3_evaluation,FOODS_3_714,FOODS_3,FOODS,TX_3,TX,40650,FOODS_top
FOODS_3_288_CA_3_evaluation,FOODS_3_288,FOODS_3,FOODS,CA_3,CA,40425,FOODS_top
FOODS_3_723_WI_3_evaluation,FOODS_3_723,FOODS_3,FOODS,WI_3,WI,40324,FOODS_top
FOODS_3_587_TX_3_evaluation,FOODS_3_587,FOODS_3,FOODS,TX_3,TX,40306,FOODS_top
FOODS_3_080_TX_2_evaluation,FOODS_3_080,FOODS_3,FOODS,TX_2,TX,40302,FOODS_top
FOODS_3_501_CA_3_evaluation,FOODS_3_501,FOODS_3,FOODS,CA_3,CA,39741,FOODS_top
FOODS_2_360_CA_3_evaluation,FOODS_2_360,FOODS_2,FOODS,CA_3,CA,39659,FOODS_top
FOODS_3_412_WI_2_evaluation,FOODS_3_412,FOODS_3,FOODS,WI_2,WI,39266,FOODS_top
FOODS_2_276_CA_3_evaluation,FOODS_2_276,FOODS_2,FOODS,CA_3,CA,39243,FOODS_top
FOODS_3_080_CA_1_evaluation,FOODS_3_080,FOODS_3,FOODS,CA_1,CA,39145,FOODS_top
FOODS_2_360_TX_3_evaluation,FOODS_2_360,FOODS_2,FOODS,TX_3,TX,39026,FOODS_top
FOODS_3_462_WI_2_evaluation,FOODS_3_462,FOODS_3,FOODS,WI_2,WI,37946,FOODS_top
FOODS_3_202_TX_1_evaluation,FOODS_3_202,FOODS_3,FOODS,TX_1,TX,37940,FOODS_top
FOODS_3_555_CA_1_evaluation,FOODS_3_555,FOODS_3,FOODS,CA_1,CA,37871,FOODS_top
FOODS_3_099_TX_2_evaluation,FOODS_3_099,FOODS_3,FOODS,TX_2,TX,37797,FOODS_top
FOODS_3_252_WI_3_evaluation,FOODS_3_252,FOODS_3,FOODS,WI_3,WI,37221,FOODS_top
FOODS_3_711_CA_3_evaluation,FOODS_3_711,FOODS_3,FOODS,CA_3,CA,37157,FOODS_top
FOODS_3_804_CA_3_evaluation,FOODS_3_804,FOODS_3,FOODS,CA_3,CA,37012,FOODS_top
FOODS_3_694_TX_1_evaluation,FOODS_3_694,FOODS_3,FOODS,TX_1,TX,36567,FOODS_top
FOODS_3_541_CA_1_evaluation,FOODS_3_541,FOODS_3,FOODS,CA_1,CA,36420,FOODS_top
FOODS_3_376_WI_3_evaluation,FOODS_3_376,FOODS_3,FOODS,WI_3,WI,36380,FOODS_top
FOODS_3_607_TX_2_evaluation,FOODS_3_607,FOODS_3,FOODS,TX_2,TX,35561,FOODS_top
FOODS_3_741_CA_1_evaluation,FOODS_3_741,FOODS_3,FOODS,CA_1,CA,35351,FOODS_top
FOODS_2_019_CA_1_evaluation,FOODS_2_019,FOODS_2,FOODS,CA_1,CA,35324,FOODS_top
FOODS_3_376_CA_3_evaluation,FOODS_3_376,FOODS_3,FOODS,CA_3,CA,35244,FOODS_top
FOODS_3_694_TX_3_evaluation,FOODS_3_694,FOODS_3,FOODS,TX_3,TX,35152,FOODS_top
FOODS_3_080_CA_3_evaluation,FOODS_3_080,FOODS_3,FOODS,CA_3,CA,35080,FOODS_top
FOODS_3_752_WI_2_evaluation,FOODS_3_752,FOODS_3,FOODS,WI_2,WI,35013,FOODS_top
FOODS_3_295_CA_3_evaluation,FOODS_3_295,FOODS_3,FOODS,CA_3,CA,34999,FOODS_top
FOODS_3_318_WI_2_evaluation,FOODS_3_318,FOODS_3,FOODS,WI_2,WI,34978,FOODS_top
FOODS_3_389_CA_3_evaluation,FOODS_3_389,FOODS_3,FOODS,CA_3,CA,34915,FOODS_top
FOODS_3_090_WI_1_evaluation,FOODS_3_090,FOODS_3,FOODS,WI_1,WI,34852,FOODS_top
FOODS_3_635_CA_1_evaluation,FOODS_3_635,FOODS_3,FOODS,CA_1,CA,34681,FOODS_top
FOODS_3_714_WI_2_evaluation,FOODS_3_714,FOODS_3,FOODS,WI_2,WI,34665,FOODS_top
FOODS_3_498_WI_2_evaluation,FOODS_3_498,FOODS_3,FOODS,WI_2,WI,34545,FOODS_top
FOODS_3_498_WI_3_evaluation,FOODS_3_498,FOODS_3,FOODS,WI_3,WI,34190,FOODS_top
FOODS_3_723_TX_2_evaluation,FOODS_3_723,FOODS_3,FOODS,TX_2,TX,33838,FOODS_top
FOODS_2_244_CA_3_evaluation,FOODS_2_244,FOODS_2,FOODS,CA_3,CA,33698,FOODS_top
FOODS_3_499_CA_3_evaluation,FOODS_3_499,FOODS_3,FOODS,CA_3,CA,33565,FOODS_top
FOODS_3_587_WI_2_evaluation,FOODS_3_587,FOODS_3,FOODS,WI_2,WI,33270,FOODS_top
FOODS_3_099_CA_1_evaluation,FOODS_3_099,FOODS_3,FOODS,CA_1,CA,33194,FOODS_top
FOODS_3_491_CA_3_evaluation,FOODS_3_491,FOODS_3,FOODS,CA_3,CA,33007,FOODS_top
FOODS_3_681_CA_1_evaluation,FOODS_3_681,FOODS_3,FOODS,CA_1,CA,32941,FOODS_top
FOODS_3_694_TX_2_evaluation,FOODS_3_694,FOODS_3,FOODS,TX_2,TX,32822,FOODS_top
FOODS_2_326_WI_2_evaluation,FOODS_2_326,FOODS_2,FOODS,WI_2,WI,32796,FOODS_top
FOODS_3_318_CA_1_evaluation,FOODS_3_318,FOODS_3,FOODS,CA_1,CA,32622,FOODS_top
FOODS_3_498_CA_3_evaluation,FOODS_3_498,FOODS_3,FOODS,CA_3,CA,32602,FOODS_top
FOODS_3_586_CA_4_evaluation,FOODS_3_586,FOODS_3,FOODS,CA_4,CA,32557,FOODS_top
FOODS_3_739_CA_3_evaluation,FOODS_3_739,FOODS_3,FOODS,CA_3,CA,32403,FOODS_top
FOODS_3_811_TX_2_evaluation,FOODS_3_811,FOODS_3,FOODS,TX_2,TX,32383,FOODS_top
FOODS_3_455_CA_3_evaluation,FOODS_3_455,FOODS_3,FOODS,CA_3,CA,32125,FOODS_top
FOODS_3_586_WI_1_evaluation,FOODS_3_586,FOODS_3,FOODS,WI_1,WI,32119,FOODS_top
FOODS_2_347_CA_3_evaluation,FOODS_2_347,FOODS_2,FOODS,CA_3,CA,32115,FOODS_top
FOODS_3_090_WI_2_evaluation,FOODS_3_090,FOODS_3,FOODS,WI_2,WI,32071,FOODS_top
FOODS_3_764_CA_3_evaluation,FOODS_3_764,FOODS_3,FOODS,CA_3,CA,31967,FOODS_top
FOODS_3_723_TX_1_evaluation,FOODS_3_723,FOODS_3,FOODS,TX_1,TX,31907,FOODS_top
FOODS_3_362_CA_3_evaluation,FOODS_3_362,FOODS_3,FOODS,CA_3,CA,31884,FOODS_top
FOODS_3_462_CA_3_evaluation,FOODS_3_462,FOODS_3,FOODS,CA_3,CA,31840,FOODS_top
FOODS_3_723_TX_3_evaluation,FOODS_3_723,FOODS_3,FOODS,TX_3,TX,31580,FOODS_top
FOODS_3_202_CA_1_evaluation,FOODS_3_202,FOODS_3,FOODS,CA_1,CA,31379,FOODS_top
FOODS_3_547_WI_3_evaluation,FOODS_3_547,FOODS_3,FOODS,WI_3,WI,31376,FOODS_top
FOODS_3_295_TX_2_evaluation,FOODS_3_295,FOODS_3,FOODS,TX_2,TX,31268,FOODS_top
FOODS_3_555_CA_2_evaluation,FOODS_3_555,FOODS_3,FOODS,CA_2,CA,31001,FOODS_top
FOODS_3_714_WI_1_evaluation,FOODS_3_714,FOODS_3,FOODS,WI_1,WI,30980,FOODS_top
FOODS_3_406_CA_3_evaluation,FOODS_3_406,FOODS_3,FOODS,CA_3,CA,30897,FOODS_top
FOODS_3_501_TX_2_evaluation,FOODS_3_501,FOODS_3,FOODS,TX_2,TX,30832,FOODS_top
FOODS_3_723_WI_2_evaluation,FOODS_3_723,FOODS_3,FOODS,WI_2,WI,30582,FOODS_top
FOODS_2_360_WI_3_evaluation,FOODS_2_360,FOODS_2,FOODS,WI_3,WI,30368,FOODS_top
FOODS_3_752_WI_3_evaluation,FOODS_3_752,FOODS_3,FOODS,WI_3,WI,29801,FOODS_top
FOODS_1_096_WI_2_evaluation,FOODS_1_096,FOODS_1,FOODS,WI_2,WI,29681,FOODS_top
FOODS_3_202_WI_3_evaluation,FOODS_3_202,FOODS_3,FOODS,WI_3,WI,29627,FOODS_top
FOODS_3_811_WI_2_evaluation,FOODS_3_811,FOODS_3,FOODS,WI_2,WI,29539,FOODS_top
FOODS_3_282_CA_1_evaluation,FOODS_3_282,FOODS_3,FOODS,CA_1,CA,29272,FOODS_top
FOODS_3_555_WI_2_evaluation,FOODS_3_555,FOODS_3,FOODS,WI_2,WI,29196,FOODS_top
FOODS_3_228_TX_2_evaluation,FOODS_3_228,FOODS_3,FOODS,TX_2,TX,29097,FOODS_top
FOODS_3_694_CA_1_evaluation,FOODS_3_694,FOODS_3,FOODS,CA_1,CA,29060,FOODS_top
FOODS_3_491_CA_1_evaluation,FOODS_3_491,FOODS_3,FOODS,CA_1,CA,28883,FOODS_top
FOODS_1_218_CA_2_evaluation,FOODS_1_218,FOODS_1,FOODS,CA_2,CA,28845,FOODS_top
FOODS_3_007_CA_3_evaluation,FOODS_3_007,FOODS_3,FOODS,CA_3,CA,28780,FOODS_top
FOODS_3_080_CA_2_evaluation,FOODS_3_080,FOODS_3,FOODS,CA_2,CA,28703,FOODS_top
FOODS_3_586_WI_2_evaluation,FOODS_3_586,FOODS_3,FOODS,WI_2,WI,28582,FOODS_top
FOODS_3_435_WI_3_evaluation,FOODS_3_435,FOODS_3,FOODS,WI_3,WI,28576,FOODS_top
FOODS_3_723_CA_1_evaluation,FOODS_3_723,FOODS_3,FOODS,CA_1,CA,28502,FOODS_top
FOODS_3_607_TX_1_evaluation,FOODS_3_607,FOODS_3,FOODS,TX_1,TX,28493,FOODS_top
FOODS_3_319_CA_1_evaluation,FOODS_3_319,FOODS_3,FOODS,CA_1,CA,28434,FOODS_top
FOODS_3_501_CA_1_evaluation,FOODS_3_501,FOODS_3,FOODS,CA_1,CA,28362,FOODS_top
FOODS_3_295_CA_1_evaluation,FOODS_3_295,FOODS_3,FOODS,CA_1,CA,28079,FOODS_top
FOODS_3_377_TX_1_evaluation,FOODS_3_377,FOODS_3,FOODS,TX_1,TX,28005,FOODS_top
FOODS_3_804_WI_2_evaluation,FOODS_3_804,FOODS_3,FOODS,WI_2,WI,27905,FOODS_top
FOODS_3_635_WI_3_evaluation,FOODS_3_635,FOODS_3,FOODS,WI_3,WI,27838,FOODS_top
FOODS_2_019_CA_3_evaluation,FOODS_2_019,FOODS_2,FOODS,CA_3,CA,27771,FOODS_top
FOODS_3_376_TX_3_evaluation,FOODS_3_376,FOODS_3,FOODS,TX_3,TX,27616,FOODS_top
FOODS_3_580_WI_2_evaluation,FOODS_3_580,FOODS_3,FOODS,WI_2,WI,27598,FOODS_top
FOODS_3_070_WI_2_evaluation,FOODS_3_070,FOODS_3,FOODS,WI_2,WI,27570,FOODS_top
FOODS_3_234_TX_2_evaluation,FOODS_3_234,FOODS_3,FOODS,TX_2,TX,27457,FOODS_top
FOODS_3_099_CA_3_evaluation,FOODS_3_099,FOODS_3,FOODS,CA_3,CA,26899,FOODS_top
FOODS_3_329_CA_3_evaluation,FOODS_3_329,FOODS_3,FOODS,CA_3,CA,26852,FOODS_top
FOODS_3_080_TX_3_evaluation,FOODS_3_080,FOODS_3,FOODS,TX_3,TX,26799,FOODS_top
FOODS_3_607_CA_1_evaluation,FOODS_3_607,FOODS_3,FOODS,CA_1,CA,26747,FOODS_top
FOODS_2_276_CA_1_evaluation,FOODS_2_276,FOODS_2,FOODS,CA_1,CA,26541,FOODS_top
FOODS_3_064_CA_1_evaluation,FOODS_3_064,FOODS_3,FOODS,CA_1,CA,26489,FOODS_top
FOODS_3_491_WI_1_evaluation,FOODS_3_491,FOODS_3,FOODS,WI_1,WI,26462,FOODS_top
FOODS_1_218_WI_2_evaluation,FOODS_1_218,FOODS_1,FOODS,WI_2,WI,26440,FOODS_top
FOODS_3_635_TX_3_evaluation,FOODS_3_635,FOODS_3,FOODS,TX_3,TX,26356,FOODS_top
FOODS_3_808_TX_3_evaluation,FOODS_3_808,FOODS_3,FOODS,TX_3,TX,26183,FOODS_top
FOODS_3_547_CA_3_evaluation,FOODS_3_547,FOODS_3,FOODS,CA_3,CA,26149,FOODS_top
FOODS_3_635_TX_2_evaluation,FOODS_3_635,FOODS_3,FOODS,TX_2,TX,26121,FOODS_top
FOODS_3_389_TX_2_evaluation,FOODS_3_389,FOODS_3,FOODS,TX_2,TX,26060,FOODS_top
FOODS_3_281_WI_3_evaluation,FOODS_3_281,FOODS_3,FOODS,WI_3,WI,26033,FOODS_top
FOODS_3_808_CA_2_evaluation,FOODS_3_808,FOODS_3,FOODS,CA_2,CA,25811,FOODS_top
FOODS_3_785_CA_1_evaluation,FOODS_3_785,FOODS_3,FOODS,CA_1,CA,25612,FOODS_top
FOODS_3_804_TX_3_evaluation,FOODS_3_804,FOODS_3,FOODS,TX_3,TX,25575,FOODS_top
FOODS_3_668_WI_1_evaluation,FOODS_3_668,FOODS_3,FOODS,WI_1,WI,25533,FOODS_top
FOODS_3_811_CA_3_evaluation,FOODS_3_811,FOODS_3,FOODS,CA_3,CA,25434,FOODS_top
FOODS_2_128_TX_3_evaluation,FOODS_2_128,FOODS_2,FOODS,TX_3,TX,25356,FOODS_top
FOODS_3_816_WI_2_evaluation,FOODS_3_816,FOODS_3,FOODS,WI_2,WI,25068,FOODS_top
FOODS_2_347_CA_1_evaluation,FOODS_2_347,FOODS_2,FOODS,CA_1,CA,25064,FOODS_top
FOODS_3_804_CA_2_evaluation,FOODS_3_804,FOODS_3,FOODS,CA_2,CA,25052,FOODS_top
FOODS_3_042_WI_1_evaluation,FOODS_3_042,FOODS_3,FOODS,WI_1,WI,25010,FOODS_top
FOODS_2_360_TX_2_evaluation,FOODS_2_360,FOODS_2,FOODS,TX_2,TX,25002,FOODS_top
FOODS_3_454_WI_2_evaluation,FOODS_3_454,FOODS_3,FOODS,WI_2,WI,24920,FOODS_top
FOODS_3_458_WI_3_evaluation,FOODS_3_458,FOODS_3,FOODS,WI_3,WI,24889,FOODS_top
FOODS_3_412_CA_3_evaluation,FOODS_3_412,FOODS_3,FOODS,CA_3,CA,24888,FOODS_top
FOODS_3_804_TX_2_evaluation,FOODS_3_804,FOODS_3,FOODS,TX_2,TX,24792,FOODS_top
FOODS_3_580_CA_3_evaluation,FOODS_3_580,FOODS_3,FOODS,CA_3,CA,24788,FOODS_top
FOODS_2_181_TX_2_evaluation,FOODS_2_181,FOODS_2,FOODS,TX_2,TX,24786,FOODS_top
FOODS_3_080_WI_1_evaluation,FOODS_3_080,FOODS_3,FOODS,WI_1,WI,24765,FOODS_top
FOODS_3_376_TX_2_evaluation,FOODS_3_376,FOODS_3,FOODS,TX_2,TX,24765,FOODS_top
FOODS_2_360_CA_1_evaluation,FOODS_2_360,FOODS_2,FOODS,CA_1,CA,24725,FOODS_top
FOODS_3_541_WI_3_evaluation,FOODS_3_541,FOODS_3,FOODS,WI_3,WI,24724,FOODS_top
FOODS_3_607_TX_3_evaluation,FOODS_3_607,FOODS_3,FOODS,TX_3,TX,24722,FOODS_top
FOODS_3_389_WI_3_evaluation,FOODS_3_389,FOODS_3,FOODS,WI_3,WI,24710,FOODS_top
FOODS_3_702_CA_3_evaluation,FOODS_3_702,FOODS_3,FOODS,CA_3,CA,24586,FOODS_top
FOODS_3_150_TX_2_evaluation,FOODS_3_150,FOODS_3,FOODS,TX_2,TX,24581,FOODS_top
FOODS_3_226_TX_2_evaluation,FOODS_3_226,FOODS_3,FOODS,TX_2,TX,24553,FOODS_top
FOODS_3_134_WI_2_evaluation,FOODS_3_134,FOODS_3,FOODS,WI_2,WI,24501,FOODS_top
FOODS_3_711_WI_3_evaluation,FOODS_3_711,FOODS_3,FOODS,WI_3,WI,24404,FOODS_top
FOODS_3_587_CA_4_evaluation,FOODS_3_587,FOODS_3,FOODS,CA_4,CA,24333,FOODS_top
FOODS_3_458_CA_3_evaluation,FOODS_3_458,FOODS_3,FOODS,CA_3,CA,24304,FOODS_top
FOODS_3_681_TX_1_evaluation,FOODS_3_681,FOODS_3,FOODS,TX_1,TX,24273,FOODS_top
FOODS_3_313_CA_3_evaluation,FOODS_3_313,FOODS_3,FOODS,CA_3,CA,24261,FOODS_top
FOODS_3_086_WI_3_evaluation,FOODS_3_086,FOODS_3,FOODS,WI_3,WI,24133,FOODS_top
FOODS_3_154_WI_3_evaluation,FOODS_3_154,FOODS_3,FOODS,WI_3,WI,24019,FOODS_top
FOODS_3_377_CA_3_evaluation,FOODS_3_377,FOODS_3,FOODS,CA_3,CA,23976,FOODS_top
FOODS_3_109_WI_3_evaluation,FOODS_3_109,FOODS_3,FOODS,WI_3,WI,23965,FOODS_top
FOODS_3_808_TX_2_evaluation,FOODS_3_808,FOODS_3,FOODS,TX_2,TX,23819,FOODS_top
FOODS_3_668_WI_3_evaluation,FOODS_3_668,FOODS_3,FOODS,WI_3,WI,23709,FOODS_top
FOODS_2_181_TX_1_evaluation,FOODS_2_181,FOODS_2,FOODS,TX_1,TX,23703,FOODS_top
FOODS_3_681_TX_3_evaluation,FOODS_3_681,FOODS_3,FOODS,TX_3,TX,23698,FOODS_top
FOODS_3_226_TX_1_evaluation,FOODS_3_226,FOODS_3,FOODS,TX_1,TX,23633,FOODS_top
FOODS_1_204_WI_2_evaluation,FOODS_1_204,FOODS_1,FOODS,WI_2,WI,23633,FOODS_top
FOODS_3_785_CA_3_evaluation,FOODS_3_785,FOODS_3,FOODS,CA_3,CA,23615,FOODS_top
FOODS_3_080_WI_3_evaluation,FOODS_3_080,FOODS_3,FOODS,WI_3,WI,23566,FOODS_top
FOODS_3_412_WI_3_evaluation,FOODS_3_412,FOODS_3,FOODS,WI_3,WI,23547,FOODS_top
FOODS_3_252_CA_4_evaluation,FOODS_3_252,FOODS_3,FOODS,CA_4,CA,23417,FOODS_top
FOODS_3_541_TX_3_evaluation,FOODS_3_541,FOODS_3,FOODS,TX_3,TX,23352,FOODS_top
FOODS_3_744_CA_1_evaluation,FOODS_3_744,FOODS_3,FOODS,CA_1,CA,23330,FOODS_top
FOODS_3_348_CA_3_evaluation,FOODS_3_348,FOODS_3,FOODS,CA_3,CA,23275,FOODS_top
FOODS_3_541_TX_2_evaluation,FOODS_3_541,FOODS_3,FOODS,TX_2,TX,23190,FOODS_top
FOODS_3_541_TX_1_evaluation,FOODS_3_541,FOODS_3,FOODS,TX_1,TX,23180,FOODS_top
FOODS_3_491_WI_3_evaluation,FOODS_3_491,FOODS_3,FOODS,WI_3,WI,23125,FOODS_top
FOODS_1_046_TX_2_evaluation,FOODS_1_046,FOODS_1,FOODS,TX_2,TX,23113,FOODS_top
FOODS_3_755_CA_1_evaluation,FOODS_3_755,FOODS_3,FOODS,CA_1,CA,23103,FOODS_top
FOODS_3_404_CA_3_evaluation,FOODS_3_404,FOODS_3,FOODS,CA_3,CA,23095,FOODS_top
FOODS_2_021_WI_2_evaluation,FOODS_2_021,FOODS_2,FOODS,WI_2,WI,22995,FOODS_top
FOODS_3_281_CA_1_evaluation,FOODS_3_281,FOODS_3,FOODS,CA_1,CA,22942,FOODS_top
FOODS_3_150_CA_3_evaluation,FOODS_3_150,FOODS_3,FOODS,CA_3,CA,22904,FOODS_top
FOODS_3_767_CA_3_evaluation,FOODS_3_767,FOODS_3,FOODS,CA_3,CA,22731,FOODS_top
FOODS_3_007_WI_3_evaluation,FOODS_3_007,FOODS_3,FOODS,WI_3,WI,22724,FOODS_top
FOODS_3_109_CA_3_evaluation,FOODS_3_109,FOODS_3,FOODS,CA_3,CA,22670,FOODS_top
FOODS_3_808_WI_3_evaluation,FOODS_3_808,FOODS_3,FOODS,WI_3,WI,22623,FOODS_top
FOODS_3_524_CA_3_evaluation,FOODS_3_524,FOODS_3,FOODS,CA_3,CA,22490,FOODS_top
FOODS_3_811_TX_3_evaluation,FOODS_3_811,FOODS_3,FOODS,TX_3,TX,22417,FOODS_top
FOODS_1_218_CA_1_evaluation,FOODS_1_218,FOODS_1,FOODS,CA_1,CA,22387,FOODS_top
FOODS_3_580_WI_3_evaluation,FOODS_3_580,FOODS_3,FOODS,WI_3,WI,22374,FOODS_top
FOODS_3_635_CA_2_evaluation,FOODS_3_635,FOODS_3,FOODS,CA_2,CA,22368,FOODS_top
FOODS_3_808_TX_1_evaluation,FOODS_3_808,FOODS_3,FOODS,TX_1,TX,22363,FOODS_top
FOODS_2_128_TX_2_evaluation,FOODS_2_128,FOODS_2,FOODS,TX_2,TX,22319,FOODS_top
FOODS_3_154_WI_2_evaluation,FOODS_3_154,FOODS_3,FOODS,WI_2,WI,22319,FOODS_top
FOODS_3_462_TX_2_evaluation,FOODS_3_462,FOODS_3,FOODS,TX_2,TX,22304,FOODS_top
FOODS_1_218_CA_3_evaluation,FOODS_1_218,FOODS_1,FOODS,CA_3,CA,22230,FOODS_top
FOODS_1_218_TX_3_evaluation,FOODS_1_218,FOODS_1,FOODS,TX_3,TX,22192,FOODS_top
FOODS_1_218_WI_3_evaluation,FOODS_1_218,FOODS_1,FOODS,WI_3,WI,22172,FOODS_top
FOODS_3_288_CA_2_evaluation,FOODS_3_288,FOODS_3,FOODS,CA_2,CA,21951,FOODS_top
FOODS_3_739_CA_1_evaluation,FOODS_3_739,FOODS_3,FOODS,CA_1,CA,21890,FOODS_top
FOODS_3_541_CA_2_evaluation,FOODS_3_541,FOODS_3,FOODS,CA_2,CA,21867,FOODS_top
FOODS_3_681_TX_2_evaluation,FOODS_3_681,FOODS_3,FOODS,TX_2,TX,21844,FOODS_top
FOODS_3_702_CA_1_evaluation,FOODS_3_702,FOODS_3,FOODS,CA_1,CA,21726,FOODS_top
FOODS_1_085_WI_2_evaluation,FOODS_1_085,FOODS_1,FOODS,WI_2,WI,21697,FOODS_top
FOODS_3_455_TX_1_evaluation,FOODS_3_455,FOODS_3,FOODS,TX_1,TX,21686,FOODS_top
FOODS_3_319_CA_2_evaluation,FOODS_3_319,FOODS_3,FOODS,CA_2,CA,21557,FOODS_top
FOODS_2_128_WI_2_evaluation,FOODS_2_128,FOODS_2,FOODS,WI_2,WI,21521,FOODS_top
FOODS_3_741_CA_3_evaluation,FOODS_3_741,FOODS_3,FOODS,CA_3,CA,21519,FOODS_top
FOODS_3_234_TX_1_evaluation,FOODS_3_234,FOODS_3,FOODS,TX_1,TX,21484,FOODS_top
FOODS_3_362_CA_1_evaluation,FOODS_3_362,FOODS_3,FOODS,CA_1,CA,21426,FOODS_top
FOODS_3_808_CA_4_evaluation,FOODS_3_808,FOODS_3,FOODS,CA_4,CA,21282,FOODS_top
FOODS_3_109_WI_2_evaluation,FOODS_3_109,FOODS_3,FOODS,WI_2,WI,21282,FOODS_top
FOODS_3_377_CA_1_evaluation,FOODS_3_377,FOODS_3,FOODS,CA_1,CA,21279,FOODS_top
FOODS_2_021_WI_3_evaluation,FOODS_2_021,FOODS_2,FOODS,WI_3,WI,21263,FOODS_top
FOODS_3_282_WI_3_evaluation,FOODS_3_282,FOODS_3,FOODS,WI_3,WI,21243,FOODS_top
FOODS_1_085_WI_1_evaluation,FOODS_1_085,FOODS_1,FOODS,WI_1,WI,21174,FOODS_top
FOODS_3_462_WI_3_evaluation,FOODS_3_462,FOODS_3,FOODS,WI_3,WI,21143,FOODS_top
FOODS_3_547_TX_2_evaluation,FOODS_3_547,FOODS_3,FOODS,TX_2,TX,21068,FOODS_top
FOODS_2_128_CA_3_evaluation,FOODS_2_128,FOODS_2,FOODS,CA_3,CA,21009,FOODS_top
FOODS_3_282_WI_2_evaluation,FOODS_3_282,FOODS_3,FOODS,WI_2,WI,20928,FOODS_top
FOODS_3_635_CA_4_evaluation,FOODS_3_635,FOODS_3,FOODS,CA_4,CA,20895,FOODS_top
FOODS_3_746_CA_3_evaluation,FOODS_3_746,FOODS_3,FOODS,CA_3,CA,20870,FOODS_top
FOODS_3_281_WI_2_evaluation,FOODS_3_281,FOODS_3,FOODS,WI_2,WI,20834,FOODS_top
FOODS_3_714_CA_2_evaluation,FOODS_3_714,FOODS_3,FOODS,CA_2,CA,20762,FOODS_top
FOODS_3_329_WI_2_evaluation,FOODS_3_329,FOODS_3,FOODS,WI_2,WI,20714,FOODS_top
FOODS_3_435_WI_2_evaluation,FOODS_3_435,FOODS_3,FOODS,WI_2,WI,20673,FOODS_top
FOODS_3_462_TX_3_evaluation,FOODS_3_462,FOODS_3,FOODS,TX_3,TX,20588,FOODS_top
FOODS_3_245_CA_3_evaluation,FOODS_3_245,FOODS_3,FOODS,CA_3,CA,20478,FOODS_top
FOODS_1_043_CA_3_evaluation,FOODS_1_043,FOODS_1,FOODS,CA_3,CA,20468,FOODS_top
FOODS_3_295_WI_3_evaluation,FOODS_3_295,FOODS_3,FOODS,WI_3,WI,20459,FOODS_top
FOODS_1_085_CA_1_evaluation,FOODS_1_085,FOODS_1,FOODS,CA_1,CA,20358,FOODS_top
FOODS_3_697_CA_3_evaluation,FOODS_3_697,FOODS_3,FOODS,CA_3,CA,20309,FOODS_top
FOODS_1_096_TX_3_evaluation,FOODS_1_096,FOODS_1,FOODS,TX_3,TX,20285,FOODS_top
FOODS_3_329_CA_1_evaluation,FOODS_3_329,FOODS_3,FOODS,CA_1,CA,20272,FOODS_top
FOODS_3_389_CA_1_evaluation,FOODS_3_389,FOODS_3,FOODS,CA_1,CA,20143,FOODS_top
FOODS_3_462_TX_1_evaluation,FOODS_3_462,FOODS_3,FOODS,TX_1,TX,20113,FOODS_top
FOODS_2_181_CA_3_evaluation,FOODS_2_181,FOODS_2,FOODS,CA_3,CA,20097,FOODS_top
FOODS_3_635_TX_1_evaluation,FOODS_3_635,FOODS_3,FOODS,TX_1,TX,20049,FOODS_top
FOODS_2_244_CA_1_evaluation,FOODS_2_244,FOODS_2,FOODS,CA_1,CA,20041,FOODS_top
FOODS_3_756_CA_3_evaluation,FOODS_3_756,FOODS_3,FOODS,CA_3,CA,20000,FOODS_top
FOODS_3_406_CA_1_evaluation,FOODS_3_406,FOODS_3,FOODS,CA_1,CA,19965,FOODS_top
FOODS_3_764_CA_1_evaluation,FOODS_3_764,FOODS_3,FOODS,CA_1,CA,19928,FOODS_top
FOODS_3_086_CA_3_evaluation,FOODS_3_086,FOODS_3,FOODS,CA_3,CA,19901,FOODS_top
FOODS_3_668_CA_1_evaluation,FOODS_3_668,FOODS_3,FOODS,CA_1,CA,19887,FOODS_top
FOODS_3_099_TX_3_evaluation,FOODS_3_099,FOODS_3,FOODS,TX_3,TX,19860,FOODS_top
FOODS_3_227_TX_2_evaluation,FOODS_3_227,FOODS_3,FOODS,TX_2,TX,19822,FOODS_top
FOODS_3_007_TX_2_evaluation,FOODS_3_007,FOODS_3,FOODS,TX_2,TX,19821,FOODS_top
FOODS_3_458_WI_2_evaluation,FOODS_3_458,FOODS_3,FOODS,WI_2,WI,19763,FOODS_top
FOODS_3_120_WI_2_evaluation,FOODS_3_120,FOODS_3,FOODS,WI_2,WI,19731,FOODS_top
FOODS_3_587_CA_2_evaluation,FOODS_3_587,FOODS_3,FOODS,CA_2,CA,19691,FOODS_top
FOODS_3_741_TX_2_evaluation,FOODS_3_741,FOODS_3,FOODS,TX_2,TX,19664,FOODS_top
FOODS_3_150_WI_2_evaluation,FOODS_3_150,FOODS_3,FOODS,WI_2,WI,19655,FOODS_top
FOODS_3_319_TX_2_evaluation,FOODS_3_319,FOODS_3,FOODS,TX_2,TX,19626,FOODS_top
FOODS_3_739_CA_2_evaluation,FOODS_3_739,FOODS_3,FOODS,CA_2,CA,19573,FOODS_top
FOODS_2_326_WI_3_evaluation,FOODS_2_326,FOODS_2,FOODS,WI_3,WI,19534,FOODS_top
FOODS_3_458_TX_3_evaluation,FOODS_3_458,FOODS_3,FOODS,TX_3,TX,19525,FOODS_top
FOODS_3_744_CA_3_evaluation,FOODS_3_744,FOODS_3,FOODS,CA_3,CA,19516,FOODS_top
FOODS_3_226_TX_3_evaluation,FOODS_3_226,FOODS_3,FOODS,TX_3,TX,19473,FOODS_top
FOODS_3_351_CA_1_evaluation,FOODS_3_351,FOODS_3,FOODS,CA_1,CA,19458,FOODS_top
FOODS_1_012_CA_2_evaluation,FOODS_1_012,FOODS_1,FOODS,CA_2,CA,19401,FOODS_top
FOODS_3_318_WI_1_evaluation,FOODS_3_318,FOODS_3,FOODS,WI_1,WI,19370,FOODS_top
FOODS_3_107_CA_3_evaluation,FOODS_3_107,FOODS_3,FOODS,CA_3,CA,19278,FOODS_top
FOODS_3_714_CA_4_evaluation,FOODS_3_714,FOODS_3,FOODS,CA_4,CA,19265,FOODS_top
FOODS_3_150_WI_3_evaluation,FOODS_3_150,FOODS_3,FOODS,WI_3,WI,19259,FOODS_top
FOODS_2_128_WI_3_evaluation,FOODS_2_128,FOODS_2,FOODS,WI_3,WI,19194,FOODS_top
FOODS_3_769_CA_3_evaluation,FOODS_3_769,FOODS_3,FOODS,CA_3,CA,19124,FOODS_top
FOODS_3_376_TX_1_evaluation,FOODS_3_376,FOODS_3,FOODS,TX_1,TX,19111,FOODS_top
FOODS_3_435_WI_1_evaluation,FOODS_3_435,FOODS_3,FOODS,WI_1,WI,19107,FOODS_top
FOODS_3_234_TX_3_evaluation,FOODS_3_234,FOODS_3,FOODS,TX_3,TX,19044,FOODS_top
FOODS_3_501_WI_3_evaluation,FOODS_3_501,FOODS_3,FOODS,WI_3,WI,19002,FOODS_top
FOODS_3_133_CA_3_evaluation,FOODS_3_133,FOODS_3,FOODS,CA_3,CA,19001,FOODS_top
HOUSEHOLD_2_182_CA_3_evaluation,HOUSEHOLD_2_182,HOUSEHOLD_2,HOUSEHOLD,CA_3,CA,597,HOUSEHOLD_mid
HOUSEHOLD_1_063_TX_1_evaluation,HOUSEHOLD_1_063,HOUSEHOLD_1,HOUSEHOLD,TX_1,TX,597,HOUSEHOLD_mid
HOUSEHOLD_1_293_CA_4_evaluation,HOUSEHOLD_1_293,HOUSEHOLD_1,HOUSEHOLD,CA_4,CA,597,HOUSEHOLD_mid
HOUSEHOLD_2_078_CA_1_evaluation,HOUSEHOLD_2_078,HOUSEHOLD_2,HOUSEHOLD,CA_1,CA,597,HOUSEHOLD_mid
HOUSEHOLD_2_326_CA_1_evaluation,HOUSEHOLD_2_326,HOUSEHOLD_2,HOUSEHOLD,CA_1,CA,597,HOUSEHOLD_mid
HOUSEHOLD_2_238_TX_2_evaluation,HOUSEHOLD_2_238,HOUSEHOLD_2,HOUSEHOLD,TX_2,TX,597,HOUSEHOLD_mid
HOUSEHOLD_2_378_TX_3_evaluation,HOUSEHOLD_2_378,HOUSEHOLD_2,HOUSEHOLD,TX_3,TX,597,HOUSEHOLD_mid
HOUSEHOLD_1_403_CA_4_evaluation,HOUSEHOLD_1_403,HOUSEHOLD_1,HOUSEHOLD,CA_4,CA,598,HOUSEHOLD_mid
HOUSEHOLD_2_010_CA_2_evaluation,HOUSEHOLD_2_010,HOUSEHOLD_2,HOUSEHOLD,CA_2,CA,598,HOUSEHOLD_mid
HOUSEHOLD_2_398_CA_2_evaluation,HOUSEHOLD_2_398,HOUSEHOLD_2,HOUSEHOLD,CA_2,CA,598,HOUSEHOLD_mid
HOUSEHOLD_1_117_CA_1_evaluation,HOUSEHOLD_1_117,HOUSEHOLD_1,HOUSEHOLD,CA_1,CA,598,HOUSEHOLD_mid
HOUSEHOLD_2_484_CA_3_evaluation,HOUSEHOLD_2_484,HOUSEHOLD_2,HOUSEHOLD,CA_3,CA,599,HOUSEHOLD_mid
HOUSEHOLD_1_077_CA_4_evaluation,HOUSEHOLD_1_077,HOUSEHOLD_1,HOUSEHOLD,CA_4,CA,599,HOUSEHOLD_mid
HOUSEHOLD_2_049_TX_2_evaluation,HOUSEHOLD_2_049,HOUSEHOLD_2,HOUSEHOLD,TX_2,TX,599,HOUSEHOLD_mid
HOUSEHOLD_1_363_TX_3_evaluation,HOUSEHOLD_1_363,HOUSEHOLD_1,HOUSEHOLD,TX_3,TX,600,HOUSEHOLD_mid
HOUSEHOLD_2_337_TX_2_evaluation,HOUSEHOLD_2_337,HOUSEHOLD_2,HOUSEHOLD,TX_2,TX,600,HOUSEHOLD_mid
HOUSEHOLD_2_449_TX_2_evaluation,HOUSEHOLD_2_449,HOUSEHOLD_2,HOUSEHOLD,TX_2,TX,600,HOUSEHOLD_mid
HOUSEHOLD_2_285_WI_1_evaluation,HOUSEHOLD_2_285,HOUSEHOLD_2,HOUSEHOLD,WI_1,WI,600,HOUSEHOLD_mid
HOUSEHOLD_2_302_CA_3_evaluation,HOUSEHOLD_2_302,HOUSEHOLD_2,HOUSEHOLD,CA_3,CA,600,HOUSEHOLD_mid
HOUSEHOLD_1_284_TX_2_evaluation,HOUSEHOLD_1_284,HOUSEHOLD_1,HOUSEHOLD,TX_2,TX,601,HOUSEHOLD_mid
HOUSEHOLD_2_136_CA_4_evaluation,HOUSEHOLD_2_136,HOUSEHOLD_2,HOUSEHOLD,CA_4,CA,601,HOUSEHOLD_mid
HOUSEHOLD_1_377_CA_4_evaluation,HOUSEHOLD_1_377,HOUSEHOLD_1,HOUSEHOLD,CA_4,CA,602,HOUSEHOLD_mid
HOUSEHOLD_2_090_WI_3_evaluation,HOUSEHOLD_2_090,HOUSEHOLD_2,HOUSEHOLD,WI_3,WI,602,HOUSEHOLD_mid
HOUSEHOLD_2_389_TX_3_evaluation,HOUSEHOLD_2_389,HOUSEHOLD_2,HOUSEHOLD,TX_3,TX,602,HOUSEHOLD_mid
HOUSEHOLD_1_268_CA_4_evaluation,HOUSEHOLD_1_268,HOUSEHOLD_1,HOUSEHOLD,CA_4,CA,602,HOUSEHOLD_mid
HOUSEHOLD_2_250_WI_1_evaluation,HOUSEHOLD_2_250,HOUSEHOLD_2,HOUSEHOLD,WI_1,WI,602,HOUSEHOLD_mid
HOUSEHOLD_2_513_WI_3_evaluation,HOUSEHOLD_2_513,HOUSEHOLD_2,HOUSEHOLD,WI_3,WI,602,HOUSEHOLD_mid
HOUSEHOLD_1_052_TX_2_evaluation,HOUSEHOLD_1_052,HOUSEHOLD_1,HOUSEHOLD,TX_2,TX,602,HOUSEHOLD_mid
HOUSEHOLD_2_326_WI_1_evaluation,HOUSEHOLD_2_326,HOUSEHOLD_2,HOUSEHOLD,WI_1,WI,602,HOUSEHOLD_mid
HOUSEHOLD_1_353_WI_2_evaluation,HOUSEHOLD_1_353,HOUSEHOLD_1,HOUSEHOLD,WI_2,WI,602,HOUSEHOLD_mid
HOUSEHOLD_2_361_CA_2_evaluation,HOUSEHOLD_2_361,HOUSEHOLD_2,HOUSEHOLD,CA_2,CA,603,HOUSEHOLD_mid
HOUSEHOLD_1_403_WI_2_evaluation,HOUSEHOLD_1_403,HOUSEHOLD_1,HOUSEHOLD,WI_2,WI,603,HOUSEHOLD_mid
HOUSEHOLD_2_281_TX_2_evaluation,HOUSEHOLD_2_281,HOUSEHOLD_2,HOUSEHOLD,TX_2,TX,603,HOUSEHOLD_mid
HOUSEHOLD_1_278_TX_1_evaluation,HOUSEHOLD_1_278,HOUSEHOLD_1,HOUSEHOLD,TX_1,TX,603,HOUSEHOLD_mid
HOUSEHOLD_1_131_WI_3_evaluation,HOUSEHOLD_1_131,HOUSEHOLD_1,HOUSEHOLD,WI_3,WI,603,HOUSEHOLD_mid
HOUSEHOLD_2_491_TX_1_evaluation,HOUSEHOLD_2_491,HOUSEHOLD_2,HOUSEHOLD,TX_1,TX,603,HOUSEHOLD_mid
HOUSEHOLD_2_037_WI_2_evaluation,HOUSEHOLD_2_037,HOUSEHOLD_2,HOUSEHOLD,WI_2,WI,603,HOUSEHOLD_mid
HOUSEHOLD_1_206_CA_2_evaluation,HOUSEHOLD_1_206,HOUSEHOLD_1,HOUSEHOLD,CA_2,CA,604,HOUSEHOLD_mid
HOUSEHOLD_2_219_WI_1_evaluation,HOUSEHOLD_2_219,HOUSEHOLD_2,HOUSEHOLD,WI_1,WI,604,HOUSEHOLD_mid
HOUSEHOLD_1_489_TX_2_evaluation,HOUSEHOLD_1_489,HOUSEHOLD_1,HOUSEHOLD,TX_2,TX,604,HOUSEHOLD_mid
HOUSEHOLD_1_077_CA_2_evaluation,HOUSEHOLD_1_077,HOUSEHOLD_1,HOUSEHOLD,CA_2,CA,604,HOUSEHOLD_mid
HOUSEHOLD_1_341_CA_1_evaluation,HOUSEHOLD_1_341,HOUSEHOLD_1,HOUSEHOLD,CA_1,CA,604,HOUSEHOLD_mid
HOUSEHOLD_2_273_TX_1_evaluation,HOUSEHOLD_2_273,HOUSEHOLD_2,HOUSEHOLD,TX_1,TX,605,HOUSEHOLD_mid
HOUSEHOLD_2_379_TX_2_evaluation,HOUSEHOLD_2_379,HOUSEHOLD_2,HOUSEHOLD,TX_2,TX,605,HOUSEHOLD_mid
HOUSEHOLD_2_287_CA_4_evaluation,HOUSEHOLD_2_287,HOUSEHOLD_2,HOUSEHOLD,CA_4,CA,605,HOUSEHOLD_mid
HOUSEHOLD_2_049_WI_3_evaluation,HOUSEHOLD_2_049,HOUSEHOLD_2,HOUSEHOLD,WI_3,WI,606,HOUSEHOLD_mid
HOUSEHOLD_1_101_TX_3_evaluation,HOUSEHOLD_1_101,HOUSEHOLD_1,HOUSEHOLD,TX_3,TX,606,HOUSEHOLD_mid
HOUSEHOLD_1_150_TX_2_evaluation,HOUSEHOLD_1_150,HOUSEHOLD_1,HOUSEHOLD,TX_2,TX,606,HOUSEHOLD_mid
HOUSEHOLD_1_144_CA_1_evaluation,HOUSEHOLD_1_144,HOUSEHOLD_1,HOUSEHOLD,CA_1,CA,606,HOUSEHOLD_mid
HOUSEHOLD_2_079_CA_1_evaluation,HOUSEHOLD_2_079,HOUSEHOLD_2,HOUSEHOLD,CA_1,CA,606,HOUSEHOLD_mid
HOUSEHOLD_1_117_CA_4_evaluation,HOUSEHOLD_1_117,HOUSEHOLD_1,HOUSEHOLD,CA_4,CA,606,HOUSEHOLD_mid
HOUSEHOLD_1_485_WI_3_evaluation,HOUSEHOLD_1_485,HOUSEHOLD_1,HOUSEHOLD,WI_3,WI,606,HOUSEHOLD_mid
HOUSEHOLD_2_344_TX_3_evaluation,HOUSEHOLD_2_344,HOUSEHOLD_2,HOUSEHOLD,TX_3,TX,606,HOUSEHOLD_mid
HOUSEHOLD_2_022_CA_2_evaluation,HOUSEHOLD_2_022,HOUSEHOLD_2,HOUSEHOLD,CA_2,CA,606,HOUSEHOLD_mid
HOUSEHOLD_1_127_WI_1_evaluation,HOUSEHOLD_1_127,HOUSEHOLD_1,HOUSEHOLD,WI_1,WI,606,HOUSEHOLD_mid
HOUSEHOLD_1_476_CA_3_evaluation,HOUSEHOLD_1_476,HOUSEHOLD_1,HOUSEHOLD,CA_3,CA,606,HOUSEHOLD_mid
HOUSEHOLD_2_001_TX_2_evaluation,HOUSEHOLD_2_001,HOUSEHOLD_2,HOUSEHOLD,TX_2,TX,606,HOUSEHOLD_mid
HOUSEHOLD_2_332_CA_3_evaluation,HOUSEHOLD_2_332,HOUSEHOLD_2,HOUSEHOLD,CA_3,CA,606,HOUSEHOLD_mid
HOUSEHOLD_1_530_TX_1_evaluation,HOUSEHOLD_1_530,HOUSEHOLD_1,HOUSEHOLD,TX_1,TX,607,HOUSEHOLD_mid
HOUSEHOLD_1_200_WI_1_evaluation,HOUSEHOLD_1_200,HOUSEHOLD_1,HOUSEHOLD,WI_1,WI,607,HOUSEHOLD_mid
HOUSEHOLD_1_325_CA_4_evaluation,HOUSEHOLD_1_325,HOUSEHOLD_1,HOUSEHOLD,CA_4,CA,607,HOUSEHOLD_mid
HOUSEHOLD_2_390_CA_1_evaluation,HOUSEHOLD_2_390,HOUSEHOLD_2,HOUSEHOLD,CA_1,CA,607,HOUSEHOLD_mid
HOUSEHOLD_2_431_TX_2_evaluation,HOUSEHOLD_2_431,HOUSEHOLD_2,HOUSEHOLD,TX_2,TX,607,HOUSEHOLD_mid
HOUSEHOLD_2_265_CA_3_evaluation,HOUSEHOLD_2_265,HOUSEHOLD_2,HOUSEHOLD,CA_3,CA,607,HOUSEHOLD_mid
HOUSEHOLD_2_031_CA_3_evaluation,HOUSEHOLD_2_031,HOUSEHOLD_2,HOUSEHOLD,CA_3,CA,607,HOUSEHOLD_mid
HOUSEHOLD_1_407_CA_4_evaluation,HOUSEHOLD_1_407,HOUSEHOLD_1,HOUSEHOLD,CA_4,CA,607,HOUSEHOLD_mid
HOUSEHOLD_2_112_TX_1_evaluation,HOUSEHOLD_2_112,HOUSEHOLD_2,HOUSEHOLD,TX_1,TX,607,HOUSEHOLD_mid
HOUSEHOLD_2_408_CA_1_evaluation,HOUSEHOLD_2_408,HOUSEHOLD_2,HOUSEHOLD,CA_1,CA,607,HOUSEHOLD_mid
HOUSEHOLD_2_255_CA_3_evaluation,HOUSEHOLD_2_255,HOUSEHOLD_2,HOUSEHOLD,CA_3,CA,608,HOUSEHOLD_mid
HOUSEHOLD_1_396_TX_2_evaluation,HOUSEHOLD_1_396,HOUSEHOLD_1,HOUSEHOLD,TX_2,TX,608,HOUSEHOLD_mid
HOUSEHOLD_1_417_TX_1_evaluation,HOUSEHOLD_1_417,HOUSEHOLD_1,HOUSEHOLD,TX_1,TX,608,HOUSEHOLD_mid
HOUSEHOLD_2_179_CA_1_evaluation,HOUSEHOLD_2_179,HOUSEHOLD_2,HOUSEHOLD,CA_1,CA,608,HOUSEHOLD_mid
HOUSEHOLD_2_193_TX_3_evaluation,HOUSEHOLD_2_193,HOUSEHOLD_2,HOUSEHOLD,TX_3,TX,608,HOUSEHOLD_mid
HOUSEHOLD_1_422_CA_4_evaluation,HOUSEHOLD_1_422,HOUSEHOLD_1,HOUSEHOLD,CA_4,CA,608,HOUSEHOLD_mid
HOUSEHOLD_1_371_TX_2_evaluation,HOUSEHOLD_1_371,HOUSEHOLD_1,HOUSEHOLD,TX_2,TX,608,HOUSEHOLD_mid
HOUSEHOLD_1_003_WI_3_evaluation,HOUSEHOLD_1_003,HOUSEHOLD_1,HOUSEHOLD,WI_3,WI,608,HOUSEHOLD_mid
HOUSEHOLD_2_507_WI_3_evaluation,HOUSEHOLD_2_507,HOUSEHOLD_2,HOUSEHOLD,WI_3,WI,608,HOUSEHOLD_mid
HOUSEHOLD_2_037_CA_4_evaluation,HOUSEHOLD_2_037,HOUSEHOLD_2,HOUSEHOLD,CA_4,CA,609,HOUSEHOLD_mid
HOUSEHOLD_1_257_TX_1_evaluation,HOUSEHOLD_1_257,HOUSEHOLD_1,HOUSEHOLD,TX_1,TX,609,HOUSEHOLD_mid
HOUSEHOLD_2_204_CA_2_evaluation,HOUSEHOLD_2_204,HOUSEHOLD_2,HOUSEHOLD,CA_2,CA,609,HOUSEHOLD_mid
HOUSEHOLD_1_239_WI_2_evaluation,HOUSEHOLD_1_239,HOUSEHOLD_1,HOUSEHOLD,WI_2,WI,609,HOUSEHOLD_mid
HOUSEHOLD_1_467_TX_1_evaluation,HOUSEHOLD_1_467,HOUSEHOLD_1,HOUSEHOLD,TX_1,TX,609,HOUSEHOLD_mid
HOUSEHOLD_2_055_CA_3_evaluation,HOUSEHOLD_2_055,HOUSEHOLD_2,HOUSEHOLD,CA_3,CA,610,HOUSEHOLD_mid
HOUSEHOLD_2_266_CA_1_evaluation,HOUSEHOLD_2_266,HOUSEHOLD_2,HOUSEHOLD,CA_1,CA,610,HOUSEHOLD_mid
HOUSEHOLD_1_464_CA_1_evaluation,HOUSEHOLD_1_464,HOUSEHOLD_1,HOUSEHOLD,CA_1,CA,610,HOUSEHOLD_mid
HOUSEHOLD_2_335_CA_2_evaluation,HOUSEHOLD_2_335,HOUSEHOLD_2,HOUSEHOLD,CA_2,CA,611,HOUSEHOLD_mid
HOUSEHOLD_2_437_WI_1_evaluation,HOUSEHOLD_2_437,HOUSEHOLD_2,HOUSEHOLD,WI_1,WI,611,HOUSEHOLD_mid
HOUSEHOLD_1_192_WI_3_evaluation,HOUSEHOLD_1_192,HOUSEHOLD_1,HOUSEHOLD,WI_3,WI,611,HOUSEHOLD_mid
HOUSEHOLD_2_495_WI_3_evaluation,HOUSEHOLD_2_495,HOUSEHOLD_2,HOUSEHOLD,WI_3,WI,611,HOUSEHOLD_mid
HOUSEHOLD_2_443_WI_1_evaluation,HOUSEHOLD_2_443,HOUSEHOLD_2,HOUSEHOLD,WI_1,WI,612,HOUSEHOLD_mid
HOUSEHOLD_1_208_WI_3_evaluation,HOUSEHOLD_1_208,HOUSEHOLD_1,HOUSEHOLD,WI_3,WI,612,HOUSEHOLD_mid
HOUSEHOLD_2_195_CA_1_evaluation,HOUSEHOLD_2_195,HOUSEHOLD_2,HOUSEHOLD,CA_1,CA,612,HOUSEHOLD_mid
HOUSEHOLD_1_113_CA_2_evaluation,HOUSEHOLD_1_113,HOUSEHOLD_1,HOUSEHOLD,CA_2,CA,612,HOUSEHOLD_mid
HOUSEHOLD_1_270_WI_2_evaluation,HOUSEHOLD_1_270,HOUSEHOLD_1,HOUSEHOLD,WI_2,WI,612,HOUSEHOLD_mid
HOUSEHOLD_2_260_CA_3_evaluation,HOUSEHOLD_2_260,HOUSEHOLD_2,HOUSEHOLD,CA_3,CA,612,HOUSEHOLD_mid
HOUSEHOLD_1_040_WI_1_evaluation,HOUSEHOLD_1_040,HOUSEHOLD_1,HOUSEHOLD,WI_1,WI,612,HOUSEHOLD_mid
HOUSEHOLD_2_495_CA_1_evaluation,HOUSEHOLD_2_495,HOUSEHOLD_2,HOUSEHOLD,CA_1,CA,613,HOUSEHOLD_mid
HOUSEHOLD_1_043_CA_3_evaluation,HOUSEHOLD_1_043,HOUSEHOLD_1,HOUSEHOLD,CA_3,CA,613,HOUSEHOLD_mid
HOUSEHOLD_1_509_WI_3_evaluation,HOUSEHOLD_1_509,HOUSEHOLD_1,HOUSEHOLD,WI_3,WI,613,HOUSEHOLD_mid
HOUSEHOLD_2_454_CA_2_evaluation,HOUSEHOLD_2_454,HOUSEHOLD_2,HOUSEHOLD,CA_2,CA,613,HOUSEHOLD_mid
HOUSEHOLD_1_518_WI_1_evaluation,HOUSEHOLD_1_518,HOUSEHOLD_1,HOUSEHOLD,WI_1,WI,613,HOUSEHOLD_mid
HOUSEHOLD_1_371_CA_1_evaluation,HOUSEHOLD_1_371,HOUSEHOLD_1,HOUSEHOLD,CA_1,CA,614,HOUSEHOLD_mid
HOUSEHOLD_1_089_WI_2_evaluation,HOUSEHOLD_1_089,HOUSEHOLD_1,HOUSEHOLD,WI_2,WI,614,HOUSEHOLD_mid
HOUSEHOLD_1_249_TX_3_evaluation,HOUSEHOLD_1_249,HOUSEHOLD_1,HOUSEHOLD,TX_3,TX,614,HOUSEHOLD_mid
HOUSEHOLD_2_191_TX_1_evaluation,HOUSEHOLD_2_191,HOUSEHOLD_2,HOUSEHOLD,TX_1,TX,614,HOUSEHOLD_mid
HOUSEHOLD_1_311_TX_2_evaluation,HOUSEHOLD_1_311,HOUSEHOLD_1,HOUSEHOLD,TX_2,TX,615,HOUSEHOLD_mid
HOUSEHOLD_2_267_WI_3_evaluation,HOUSEHOLD_2_267,HOUSEHOLD_2,HOUSEHOLD,WI_3,WI,615,HOUSEHOLD_mid
HOUSEHOLD_1_099_TX_3_evaluation,HOUSEHOLD_1_099,HOUSEHOLD_1,HOUSEHOLD,TX_3,TX,615,HOUSEHOLD_mid
HOUSEHOLD_1_312_WI_2_evaluation,HOUSEHOLD_1_312,HOUSEHOLD_1,HOUSEHOLD,WI_2,WI,615,HOUSEHOLD_mid
HOUSEHOLD_2_088_CA_1_evaluation,HOUSEHOLD_2_088,HOUSEHOLD_2,HOUSEHOLD,CA_1,CA,615,HOUSEHOLD_mid
HOUSEHOLD_1_219_WI_1_evaluation,HOUSEHOLD_1_219,HOUSEHOLD_1,HOUSEHOLD,WI_1,WI,615,HOUSEHOLD_mid
HOUSEHOLD_2_061_WI_3_evaluation,HOUSEHOLD_2_061,HOUSEHOLD_2,HOUSEHOLD,WI_3,WI,616,HOUSEHOLD_mid
HOUSEHOLD_1_140_CA_4_evaluation,HOUSEHOLD_1_140,HOUSEHOLD_1,HOUSEHOLD,CA_4,CA,616,HOUSEHOLD_mid
HOUSEHOLD_2_021_WI_2_evaluation,HOUSEHOLD_2_021,HOUSEHOLD_2,HOUSEHOLD,WI_2,WI,616,HOUSEHOLD_mid
HOUSEHOLD_2_234_CA_2_evaluation,HOUSEHOLD_2_234,HOUSEHOLD_2,HOUSEHOLD,CA_2,CA,616,HOUSEHOLD_mid
HOUSEHOLD_2_061_WI_1_evaluation,HOUSEHOLD_2_061,HOUSEHOLD_2,HOUSEHOLD,WI_1,WI,616,HOUSEHOLD_mid
HOUSEHOLD_1_168_CA_4_evaluation,HOUSEHOLD_1_168,HOUSEHOLD_1,HOUSEHOLD,CA_4,CA,616,HOUSEHOLD_mid
HOUSEHOLD_2_350_WI_1_evaluation,HOUSEHOLD_2_350,HOUSEHOLD_2,HOUSEHOLD,WI_1,WI,617,HOUSEHOLD_mid
HOUSEHOLD_1_451_CA_4_evaluation,HOUSEHOLD_1_451,HOUSEHOLD_1,HOUSEHOLD,CA_4,CA,617,HOUSEHOLD_mid
HOUSEHOLD_1_527_CA_1_evaluation,HOUSEHOLD_1_527,HOUSEHOLD_1,HOUSEHOLD,CA_1,CA,617,HOUSEHOLD_mid
HOUSEHOLD_2_076_TX_1_evaluation,HOUSEHOLD_2_076,HOUSEHOLD_2,HOUSEHOLD,TX_1,TX,617,HOUSEHOLD_mid
HOUSEHOLD_2_198_CA_1_evaluation,HOUSEHOLD_2_198,HOUSEHOLD_2,HOUSEHOLD,CA_1,CA,618,HOUSEHOLD_mid
HOUSEHOLD_1_221_CA_2_evaluation,HOUSEHOLD_1_221,HOUSEHOLD_1,HOUSEHOLD,CA_2,CA,618,HOUSEHOLD_mid
HOUSEHOLD_1_150_TX_1_evaluation,HOUSEHOLD_1_150,HOUSEHOLD_1,HOUSEHOLD,TX_1,TX,618,HOUSEHOLD_mid
HOUSEHOLD_1_346_WI_3_evaluation,HOUSEHOLD_1_346,HOUSEHOLD_1,HOUSEHOLD,WI_3,WI,619,HOUSEHOLD_mid
HOUSEHOLD_2_450_CA_4_evaluation,HOUSEHOLD_2_450,HOUSEHOLD_2,HOUSEHOLD,CA_4,CA,619,HOUSEHOLD_mid
HOUSEHOLD_2_021_TX_3_evaluation,HOUSEHOLD_2_021,HOUSEHOLD_2,HOUSEHOLD,TX_3,TX,619,HOUSEHOLD_mid
HOUSEHOLD_1_089_TX_3_evaluation,HOUSEHOLD_1_089,HOUSEHOLD_1,HOUSEHOLD,TX_3,TX,619,HOUSEHOLD_mid
HOUSEHOLD_1_449_WI_2_evaluation,HOUSEHOLD_1_449,HOUSEHOLD_1,HOUSEHOLD,WI_2,WI,619,HOUSEHOLD_mid
HOUSEHOLD_1_491_CA_1_evaluation,HOUSEHOLD_1_491,HOUSEHOLD_1,HOUSEHOLD,CA_1,CA,619,HOUSEHOLD_mid
HOUSEHOLD_2_224_CA_3_evaluation,HOUSEHOLD_2_224,HOUSEHOLD_2,HOUSEHOLD,CA_3,CA,619,HOUSEHOLD_mid
HOUSEHOLD_1_431_CA_2_evaluation,HOUSEHOLD_1_431,HOUSEHOLD_1,HOUSEHOLD,CA_2,CA,619,HOUSEHOLD_mid
HOUSEHOLD_2_410_TX_1_evaluation,HOUSEHOLD_2_410,HOUSEHOLD_2,HOUSEHOLD,TX_1,TX,620,HOUSEHOLD_mid
HOUSEHOLD_1_501_CA_2_evaluation,HOUSEHOLD_1_501,HOUSEHOLD_1,HOUSEHOLD,CA_2,CA,620,HOUSEHOLD_mid
HOUSEHOLD_1_406_CA_2_evaluation,HOUSEHOLD_1_406,HOUSEHOLD_1,HOUSEHOLD,CA_2,CA,620,HOUSEHOLD_mid
HOUSEHOLD_2_096_TX_1_evaluation,HOUSEHOLD_2_096,HOUSEHOLD_2,HOUSEHOLD,TX_1,TX,620,HOUSEHOLD_mid
HOUSEHOLD_1_477_WI_3_evaluation,HOUSEHOLD_1_477,HOUSEHOLD_1,HOUSEHOLD,WI_3,WI,620,HOUSEHOLD_mid
HOUSEHOLD_1_322_WI_3_evaluation,HOUSEHOLD_1_322,HOUSEHOLD_1,HOUSEHOLD,WI_3,WI,620,HOUSEHOLD_mid
HOUSEHOLD_1_470_CA_1_evaluation,HOUSEHOLD_1_470,HOUSEHOLD_1,HOUSEHOLD,CA_1,CA,620,HOUSEHOLD_mid
HOUSEHOLD_1_232_CA_4_evaluation,HOUSEHOLD_1_232,HOUSEHOLD_1,HOUSEHOLD,CA_4,CA,620,HOUSEHOLD_mid
HOUSEHOLD_1_431_WI_3_evaluation,HOUSEHOLD_1_431,HOUSEHOLD_1,HOUSEHOLD,WI_3,WI,621,HOUSEHOLD_mid
HOUSEHOLD_2_328_CA_1_evaluation,HOUSEHOLD_2_328,HOUSEHOLD_2,HOUSEHOLD,CA_1,CA,621,HOUSEHOLD_mid
HOUSEHOLD_2_009_CA_1_evaluation,HOUSEHOLD_2_009,HOUSEHOLD_2,HOUSEHOLD,CA_1,CA,621,HOUSEHOLD_mid
HOUSEHOLD_2_191_WI_3_evaluation,HOUSEHOLD_2_191,HOUSEHOLD_2,HOUSEHOLD,WI_3,WI,621,HOUSEHOLD_mid
HOUSEHOLD_1_340_CA_1_evaluation,HOUSEHOLD_1_340,HOUSEHOLD_1,HOUSEHOLD,CA_1,CA,622,HOUSEHOLD_mid
HOUSEHOLD_1_373_WI_2_evaluation,HOUSEHOLD_1_373,HOUSEHOLD_1,HOUSEHOLD,WI_2,WI,622,HOUSEHOLD_mid
HOUSEHOLD_2_041_CA_2_evaluation,HOUSEHOLD_2_041,HOUSEHOLD_2,HOUSEHOLD,CA_2,CA,622,HOUSEHOLD_mid
HOUSEHOLD_2_403_CA_4_evaluation,HOUSEHOLD_2_403,HOUSEHOLD_2,HOUSEHOLD,CA_4,CA,622,HOUSEHOLD_mid
HOUSEHOLD_2_475_CA_1_evaluation,HOUSEHOLD_2_475,HOUSEHOLD_2,HOUSEHOLD,CA_1,CA,622,HOUSEHOLD_mid
HOUSEHOLD_2_056_CA_3_evaluation,HOUSEHOLD_2_056,HOUSEHOLD_2,HOUSEHOLD,CA_3,CA,622,HOUSEHOLD_mid
HOUSEHOLD_2_475_CA_2_evaluation,HOUSEHOLD_2_475,HOUSEHOLD_2,HOUSEHOLD,CA_2,CA,622,HOUSEHOLD_mid
HOUSEHOLD_2_482_CA_3_evaluation,HOUSEHOLD_2_482,HOUSEHOLD_2,HOUSEHOLD,CA_3,CA,622,HOUSEHOLD_mid
HOUSEHOLD_1_037_WI_3_evaluation,HOUSEHOLD_1_037,HOUSEHOLD_1,HOUSEHOLD,WI_3,WI,622,HOUSEHOLD_mid
HOUSEHOLD_2_471_TX_2_evaluation,HOUSEHOLD_2_471,HOUSEHOLD_2,HOUSEHOLD,TX_2,TX,622,HOUSEHOLD_mid
HOUSEHOLD_2_485_TX_3_evaluation,HOUSEHOLD_2_485,HOUSEHOLD_2,HOUSEHOLD,TX_3,TX,622,HOUSEHOLD_mid
HOUSEHOLD_1_195_TX_2_evaluation,HOUSEHOLD_1_195,HOUSEHOLD_1,HOUSEHOLD,TX_2,TX,622,HOUSEHOLD_mid
HOUSEHOLD_2_016_TX_3_evaluation,HOUSEHOLD_2_016,HOUSEHOLD_2,HOUSEHOLD,TX_3,TX,623,HOUSEHOLD_mid
HOUSEHOLD_2_037_TX_2_evaluation,HOUSEHOLD_2_037,HOUSEHOLD_2,HOUSEHOLD,TX_2,TX,623,HOUSEHOLD_mid
HOUSEHOLD_1_452_TX_1_evaluation,HOUSEHOLD_1_452,HOUSEHOLD_1,HOUSEHOLD,TX_1,TX,623,HOUSEHOLD_mid
HOUSEHOLD_2_025_TX_3_evaluation,HOUSEHOLD_2_025,HOUSEHOLD_2,HOUSEHOLD,TX_3,TX,623,HOUSEHOLD_mid
HOUSEHOLD_1_266_WI_1_evaluation,HOUSEHOLD_1_266,HOUSEHOLD_1,HOUSEHOLD,WI_1,WI,623,HOUSEHOLD_mid
HOUSEHOLD_1_008_WI_3_evaluation,HOUSEHOLD_1_008,HOUSEHOLD_1,HOUSEHOLD,WI_3,WI,624,HOUSEHOLD_mid
HOUSEHOLD_1_367_CA_1_evaluation,HOUSEHOLD_1_367,HOUSEHOLD_1,HOUSEHOLD,CA_1,CA,624,HOUSEHOLD_mid
HOUSEHOLD_1_193_TX_1_evaluation,HOUSEHOLD_1_193,HOUSEHOLD_1,HOUSEHOLD,TX_1,TX,624,HOUSEHOLD_mid
HOUSEHOLD_2_122_CA_2_evaluation,HOUSEHOLD_2_122,HOUSEHOLD_2,HOUSEHOLD,CA_2,CA,624,HOUSEHOLD_mid
HOUSEHOLD_1_131_WI_2_evaluation,HOUSEHOLD_1_131,HOUSEHOLD_1,HOUSEHOLD,WI_2,WI,624,HOUSEHOLD_mid
HOUSEHOLD_1_269_CA_1_evaluation,HOUSEHOLD_1_269,HOUSEHOLD_1,HOUSEHOLD,CA_1,CA,624,HOUSEHOLD_mid
HOUSEHOLD_1_467_CA_1_evaluation,HOUSEHOLD_1_467,HOUSEHOLD_1,HOUSEHOLD,CA_1,CA,625,HOUSEHOLD_mid
HOUSEHOLD_2_321_CA_1_evaluation,HOUSEHOLD_2_321,HOUSEHOLD_2,HOUSEHOLD,CA_1,CA,625,HOUSEHOLD_mid
HOUSEHOLD_2_376_TX_1_evaluation,HOUSEHOLD_2_376,HOUSEHOLD_2,HOUSEHOLD,TX_1,TX,625,HOUSEHOLD_mid
HOUSEHOLD_2_167_CA_2_evaluation,HOUSEHOLD_2_167,HOUSEHOLD_2,HOUSEHOLD,CA_2,CA,625,HOUSEHOLD_mid
HOUSEHOLD_2_076_CA_4_evaluation,HOUSEHOLD_2_076,HOUSEHOLD_2,HOUSEHOLD,CA_4,CA,625,HOUSEHOLD_mid
HOUSEHOLD_1_246_WI_3_evaluation,HOUSEHOLD_1_246,HOUSEHOLD_1,HOUSEHOLD,WI_3,WI,626,HOUSEHOLD_mid
HOUSEHOLD_2_416_WI_2_evaluation,HOUSEHOLD_2_416,HOUSEHOLD_2,HOUSEHOLD,WI_2,WI,626,HOUSEHOLD_mid
HOUSEHOLD_2_466_CA_2_evaluation,HOUSEHOLD_2_466,HOUSEHOLD_2,HOUSEHOLD,CA_2,CA,626,HOUSEHOLD_mid
HOUSEHOLD_2_081_CA_2_evaluation,HOUSEHOLD_2_081,HOUSEHOLD_2,HOUSEHOLD,CA_2,CA,626,HOUSEHOLD_mid
HOUSEHOLD_1_231_CA_3_evaluation,HOUSEHOLD_1_231,HOUSEHOLD_1,HOUSEHOLD,CA_3,CA,626,HOUSEHOLD_mid
HOUSEHOLD_1_531_WI_2_evaluation,HOUSEHOLD_1_531,HOUSEHOLD_1,HOUSEHOLD,WI_2,WI,626,HOUSEHOLD_mid
HOUSEHOLD_1_333_TX_3_evaluation,HOUSEHOLD_1_333,HOUSEHOLD_1,HOUSEHOLD,TX_3,TX,626,HOUSEHOLD_mid
HOUSEHOLD_1_182_CA_4_evaluation,HOUSEHOLD_1_182,HOUSEHOLD_1,HOUSEHOLD,CA_4,CA,626,HOUSEHOLD_mid
HOUSEHOLD_2_431_TX_1_evaluation,HOUSEHOLD_2_431,HOUSEHOLD_2,HOUSEHOLD,TX_1,TX,626,HOUSEHOLD_mid
HOUSEHOLD_2_439_TX_1_evaluation,HOUSEHOLD_2_439,HOUSEHOLD_2,HOUSEHOLD,TX_1,TX,626,HOUSEHOLD_mid
HOUSEHOLD_1_269_CA_2_evaluation,HOUSEHOLD_1_269,HOUSEHOLD_1,HOUSEHOLD,CA_2,CA,626,HOUSEHOLD_mid
HOUSEHOLD_1_298_TX_3_evaluation,HOUSEHOLD_1_298,HOUSEHOLD_1,HOUSEHOLD,TX_3,TX,627,HOUSEHOLD_mid
HOUSEHOLD_1_089_WI_3_evaluation,HOUSEHOLD_1_089,HOUSEHOLD_1,HOUSEHOLD,WI_3,WI,627,HOUSEHOLD_mid
HOUSEHOLD_1_312_CA_1_evaluation,HOUSEHOLD_1_312,HOUSEHOLD_1,HOUSEHOLD,CA_1,CA,627,HOUSEHOLD_mid
HOUSEHOLD_2_477_TX_3_evaluation,HOUSEHOLD_2_477,HOUSEHOLD_2,HOUSEHOLD,TX_3,TX,628,HOUSEHOLD_mid
HOUSEHOLD_2_354_CA_4_evaluation,HOUSEHOLD_2_354,HOUSEHOLD_2,HOUSEHOLD,CA_4,CA,628,HOUSEHOLD_mid
HOUSEHOLD_2_449_WI_3_evaluation,HOUSEHOLD_2_449,HOUSEHOLD_2,HOUSEHOLD,WI_3,WI,628,HOUSEHOLD_mid
HOUSEHOLD_2_383_TX_1_evaluation,HOUSEHOLD_2_383,HOUSEHOLD_2,HOUSEHOLD,TX_1,TX,628,HOUSEHOLD_mid
HOUSEHOLD_2_289_CA_1_evaluation,HOUSEHOLD_2_289,HOUSEHOLD_2,HOUSEHOLD,CA_1,CA,628,HOUSEHOLD_mid
HOUSEHOLD_1_200_CA_2_evaluation,HOUSEHOLD_1_200,HOUSEHOLD_1,HOUSEHOLD,CA_2,CA,628,HOUSEHOLD_mid
HOUSEHOLD_1_208_WI_1_evaluation,HOUSEHOLD_1_208,HOUSEHOLD_1,HOUSEHOLD,WI_1,WI,628,HOUSEHOLD_mid
HOUSEHOLD_1_394_WI_3_evaluation,HOUSEHOLD_1_394,HOUSEHOLD_1,HOUSEHOLD,WI_3,WI,628,HOUSEHOLD_mid
HOUSEHOLD_1_205_WI_3_evaluation,HOUSEHOLD_1_205,HOUSEHOLD_1,HOUSEHOLD,WI_3,WI,628,HOUSEHOLD_mid
HOUSEHOLD_2_401_TX_1_evaluation,HOUSEHOLD_2_401,HOUSEHOLD_2,HOUSEHOLD,TX_1,TX,628,HOUSEHOLD_mid
HOUSEHOLD_1_403_TX_2_evaluation,HOUSEHOLD_1_403,HOUSEHOLD_1,HOUSEHOLD,TX_2,TX,629,HOUSEHOLD_mid
HOUSEHOLD_1_012_WI_2_evaluation,HOUSEHOLD_1_012,HOUSEHOLD_1,HOUSEHOLD,WI_2,WI,629,HOUSEHOLD_mid
HOUSEHOLD_1_464_TX_3_evaluation,HOUSEHOLD_1_464,HOUSEHOLD_1,HOUSEHOLD,TX_3,TX,629,HOUSEHOLD_mid
HOUSEHOLD_2_444_TX_2_evaluation,HOUSEHOLD_2_444,HOUSEHOLD_2,HOUSEHOLD,TX_2,TX,629,HOUSEHOLD_mid
HOUSEHOLD_1_484_CA_3_evaluation,HOUSEHOLD_1_484,HOUSEHOLD_1,HOUSEHOLD,CA_3,CA,629,HOUSEHOLD_mid
HOUSEHOLD_1_034_WI_3_evaluation,HOUSEHOLD_1_034,HOUSEHOLD_1,HOUSEHOLD,WI_3,WI,629,HOUSEHOLD_mid
HOUSEHOLD_1_219_CA_4_evaluation,HOUSEHOLD_1_219,HOUSEHOLD_1,HOUSEHOLD,CA_4,CA,629,HOUSEHOLD_mid
HOUSEHOLD_1_269_CA_4_evaluation,HOUSEHOLD_1_269,HOUSEHOLD_1,HOUSEHOLD,CA_4,CA,629,HOUSEHOLD_mid
HOUSEHOLD_2_377_TX_2_evaluation,HOUSEHOLD_2_377,HOUSEHOLD_2,HOUSEHOLD,TX_2,TX,630,HOUSEHOLD_mid
HOUSEHOLD_1_524_CA_4_evaluation,HOUSEHOLD_1_524,HOUSEHOLD_1,HOUSEHOLD,CA_4,CA,630,HOUSEHOLD_mid
HOUSEHOLD_1_195_CA_1_evaluation,HOUSEHOLD_1_195,HOUSEHOLD_1,HOUSEHOLD,CA_1,CA,630,HOUSEHOLD_mid
HOUSEHOLD_2_033_CA_1_evaluation,HOUSEHOLD_2_033,HOUSEHOLD_2,HOUSEHOLD,CA_1,CA,630,HOUSEHOLD_mid
HOUSEHOLD_2_257_WI_1_evaluation,HOUSEHOLD_2_257,HOUSEHOLD_2,HOUSEHOLD,WI_1,WI,630,HOUSEHOLD_mid
HOUSEHOLD_1_022_TX_1_evaluation,HOUSEHOLD_1_022,HOUSEHOLD_1,HOUSEHOLD,TX_1,TX,630,HOUSEHOLD_mid
HOUSEHOLD_2_070_CA_4_evaluation,HOUSEHOLD_2_070,HOUSEHOLD_2,HOUSEHOLD,CA_4,CA,631,HOUSEHOLD_mid
HOUSEHOLD_1_181_WI_3_evaluation,HOUSEHOLD_1_181,HOUSEHOLD_1,HOUSEHOLD,WI_3,WI,631,HOUSEHOLD_mid
HOUSEHOLD_1_371_TX_3_evaluation,HOUSEHOLD_1_371,HOUSEHOLD_1,HOUSEHOLD,TX_3,TX,632,HOUSEHOLD_mid
HOUSEHOLD_1_098_TX_2_evaluation,HOUSEHOLD_1_098,HOUSEHOLD_1,HOUSEHOLD,TX_2,TX,632,HOUSEHOLD_mid
HOUSEHOLD_1_320_CA_1_evaluation,HOUSEHOLD_1_320,HOUSEHOLD_1,HOUSEHOLD,CA_1,CA,632,HOUSEHOLD_mid
HOUSEHOLD_2_471_WI_2_evaluation,HOUSEHOLD_2_471,HOUSEHOLD_2,HOUSEHOLD,WI_2,WI,632,HOUSEHOLD_mid
HOUSEHOLD_1_245_TX_1_evaluation,HOUSEHOLD_1_245,HOUSEHOLD_1,HOUSEHOLD,TX_1,TX,632,HOUSEHOLD_mid
HOUSEHOLD_1_364_WI_2_evaluation,HOUSEHOLD_1_364,HOUSEHOLD_1,HOUSEHOLD,WI_2,WI,632,HOUSEHOLD_mid
HOUSEHOLD_2_297_WI_1_evaluation,HOUSEHOLD_2_297,HOUSEHOLD_2,HOUSEHOLD,WI_1,WI,633,HOUSEHOLD_mid
HOUSEHOLD_1_281_WI_2_evaluation,HOUSEHOLD_1_281,HOUSEHOLD_1,HOUSEHOLD,WI_2,WI,633,HOUSEHOLD_mid
HOUSEHOLD_1_271_CA_3_evaluation,HOUSEHOLD_1_271,HOUSEHOLD_1,HOUSEHOLD,CA_3,CA,633,HOUSEHOLD_mid
HOUSEHOLD_2_184_TX_1_evaluation,HOUSEHOLD_2_184,HOUSEHOLD_2,HOUSEHOLD,TX_1,TX,633,HOUSEHOLD_mid
HOUSEHOLD_1_441_CA_2_evaluation,HOUSEHOLD_1_441,HOUSEHOLD_1,HOUSEHOLD,CA_2,CA,633,HOUSEHOLD_mid
HOUSEHOLD_1_120_TX_3_evaluation,HOUSEHOLD_1_120,HOUSEHOLD_1,HOUSEHOLD,TX_3,TX,633,HOUSEHOLD_mid
HOUSEHOLD_1_524_WI_3_evaluation,HOUSEHOLD_1_524,HOUSEHOLD_1,HOUSEHOLD,WI_3,WI,634,HOUSEHOLD_mid
HOUSEHOLD_1_172_CA_2_evaluation,HOUSEHOLD_1_172,HOUSEHOLD_1,HOUSEHOLD,CA_2,CA,634,HOUSEHOLD_mid
HOUSEHOLD_1_295_CA_4_evaluation,HOUSEHOLD_1_295,HOUSEHOLD_1,HOUSEHOLD,CA_4,CA,634,HOUSEHOLD_mid
HOUSEHOLD_1_442_CA_1_evaluation,HOUSEHOLD_1_442,HOUSEHOLD_1,HOUSEHOLD,CA_1,CA,635,HOUSEHOLD_mid
HOUSEHOLD_2_491_TX_3_evaluation,HOUSEHOLD_2_491,HOUSEHOLD_2,HOUSEHOLD,TX_3,TX,635,HOUSEHOLD_mid
HOUSEHOLD_1_211_TX_3_evaluation,HOUSEHOLD_1_211,HOUSEHOLD_1,HOUSEHOLD,TX_3,TX,635,HOUSEHOLD_mid
HOUSEHOLD_1_311_TX_3_evaluation,HOUSEHOLD_1_311,HOUSEHOLD_1,HOUSEHOLD,TX_3,TX,635,HOUSEHOLD_mid
HOUSEHOLD_2_047_TX_1_evaluation,HOUSEHOLD_2_047,HOUSEHOLD_2,HOUSEHOLD,TX_1,TX,635,HOUSEHOLD_mid
HOUSEHOLD_1_125_WI_3_evaluation,HOUSEHOLD_1_125,HOUSEHOLD_1,HOUSEHOLD,WI_3,WI,635,HOUSEHOLD_mid
HOUSEHOLD_2_187_TX_3_evaluation,HOUSEHOLD_2_187,HOUSEHOLD_2,HOUSEHOLD,TX_3,TX,635,HOUSEHOLD_mid
HOUSEHOLD_1_130_WI_1_evaluation,HOUSEHOLD_1_130,HOUSEHOLD_1,HOUSEHOLD,WI_1,WI,635,HOUSEHOLD_mid
HOUSEHOLD_2_476_TX_2_evaluation,HOUSEHOLD_2_476,HOUSEHOLD_2,HOUSEHOLD,TX_2,TX,635,HOUSEHOLD_mid
HOUSEHOLD_1_014_WI_3_evaluation,HOUSEHOLD_1_014,HOUSEHOLD_1,HOUSEHOLD,WI_3,WI,636,HOUSEHOLD_mid
HOUSEHOLD_1_207_CA_3_evaluation,HOUSEHOLD_1_207,HOUSEHOLD_1,HOUSEHOLD,CA_3,CA,636,HOUSEHOLD_mid
HOUSEHOLD_1_195_CA_3_evaluation,HOUSEHOLD_1_195,HOUSEHOLD_1,HOUSEHOLD,CA_3,CA,636,HOUSEHOLD_mid
HOUSEHOLD_2_461_CA_3_evaluation,HOUSEHOLD_2_461,HOUSEHOLD_2,HOUSEHOLD,CA_3,CA,637,HOUSEHOLD_mid
HOUSEHOLD_2_353_WI_3_evaluation,HOUSEHOLD_2_353,HOUSEHOLD_2,HOUSEHOLD,WI_3,WI,637,HOUSEHOLD_mid
HOUSEHOLD_2_259_CA_1_evaluation,HOUSEHOLD_2_259,HOUSEHOLD_2,HOUSEHOLD,CA_1,CA,637,HOUSEHOLD_mid
HOUSEHOLD_1_524_TX_1_evaluation,HOUSEHOLD_1_524,HOUSEHOLD_1,HOUSEHOLD,TX_1,TX,637,HOUSEHOLD_mid
HOUSEHOLD_1_309_CA_2_evaluation,HOUSEHOLD_1_309,HOUSEHOLD_1,HOUSEHOLD,CA_2,CA,637,HOUSEHOLD_mid
HOUSEHOLD_2_442_CA_4_evaluation,HOUSEHOLD_2_442,HOUSEHOLD_2,HOUSEHOLD,CA_4,CA,637,HOUSEHOLD_mid
HOUSEHOLD_2_015_TX_2_evaluation,HOUSEHOLD_2_015,HOUSEHOLD_2,HOUSEHOLD,TX_2,TX,637,HOUSEHOLD_mid
HOUSEHOLD_2_131_CA_3_evaluation,HOUSEHOLD_2_131,HOUSEHOLD_2,HOUSEHOLD,CA_3,CA,637,HOUSEHOLD_mid
HOUSEHOLD_2_468_TX_1_evaluation,HOUSEHOLD_2_468,HOUSEHOLD_2,HOUSEHOLD,TX_1,TX,638,HOUSEHOLD_mid
HOUSEHOLD_1_398_TX_2_evaluation,HOUSEHOLD_1_398,HOUSEHOLD_1,HOUSEHOLD,TX_2,TX,638,HOUSEHOLD_mid
HOUSEHOLD_2_357_CA_3_evaluation,HOUSEHOLD_2_357,HOUSEHOLD_2,HOUSEHOLD,CA_3,CA,638,HOUSEHOLD_mid
HOUSEHOLD_1_142_CA_2_evaluation,HOUSEHOLD_1_142,HOUSEHOLD_1,HOUSEHOLD,CA_2,CA,638,HOUSEHOLD_mid
HOUSEHOLD_1_091_TX_1_evaluation,HOUSEHOLD_1_091,HOUSEHOLD_1,HOUSEHOLD,TX_1,TX,638,HOUSEHOLD_mid
HOUSEHOLD_2_062_TX_2_evaluation,HOUSEHOLD_2_062,HOUSEHOLD_2,HOUSEHOLD,TX_2,TX,638,HOUSEHOLD_mid
HOUSEHOLD_2_384_TX_3_evaluation,HOUSEHOLD_2_384,HOUSEHOLD_2,HOUSEHOLD,TX_3,TX,639,HOUSEHOLD_mid
HOUSEHOLD_1_034_TX_1_evaluation,HOUSEHOLD_1_034,HOUSEHOLD_1,HOUSEHOLD,TX_1,TX,639,HOUSEHOLD_mid
HOUSEHOLD_2_049_TX_1_evaluation,HOUSEHOLD_2_049,HOUSEHOLD_2,HOUSEHOLD,TX_1,TX,640,HOUSEHOLD_mid
HOUSEHOLD_2_353_WI_2_evaluation,HOUSEHOLD_2_353,HOUSEHOLD_2,HOUSEHOLD,WI_2,WI,640,HOUSEHOLD_mid
HOUSEHOLD_2_369_WI_3_evaluation,HOUSEHOLD_2_369,HOUSEHOLD_2,HOUSEHOLD,WI_3,WI,640,HOUSEHOLD_mid
HOUSEHOLD_2_324_CA_1_evaluation,HOUSEHOLD_2_324,HOUSEHOLD_2,HOUSEHOLD,CA_1,CA,640,HOUSEHOLD_mid
HOUSEHOLD_2_178_TX_1_evaluation,HOUSEHOLD_2_178,HOUSEHOLD_2,HOUSEHOLD,TX_1,TX,640,HOUSEHOLD_mid
HOUSEHOLD_2_416_TX_1_evaluation,HOUSEHOLD_2_416,HOUSEHOLD_2,HOUSEHOLD,TX_1,TX,640,HOUSEHOLD_mid
HOUSEHOLD_2_247_TX_1_evaluation,HOUSEHOLD_2_247,HOUSEHOLD_2,HOUSEHOLD,TX_1,TX,640,HOUSEHOLD_mid
HOUSEHOLD_1_155_WI_1_evaluation,HOUSEHOLD_1_155,HOUSEHOLD_1,HOUSEHOLD,WI_1,WI,640,HOUSEHOLD_mid
HOUSEHOLD_2_117_CA_2_evaluation,HOUSEHOLD_2_117,HOUSEHOLD_2,HOUSEHOLD,CA_2,CA,640,HOUSEHOLD_mid
HOUSEHOLD_2_238_CA_1_evaluation,HOUSEHOLD_2_238,HOUSEHOLD_2,HOUSEHOLD,CA_1,CA,641,HOUSEHOLD_mid
HOUSEHOLD_2_013_CA_1_evaluation,HOUSEHOLD_2_013,HOUSEHOLD_2,HOUSEHOLD,CA_1,CA,641,HOUSEHOLD_mid
HOUSEHOLD_2_444_TX_3_evaluation,HOUSEHOLD_2_444,HOUSEHOLD_2,HOUSEHOLD,TX_3,TX,641,HOUSEHOLD_mid
HOUSEHOLD_2_353_TX_1_evaluation,HOUSEHOLD_2_353,HOUSEHOLD_2,HOUSEHOLD,TX_1,TX,642,HOUSEHOLD_mid
HOUSEHOLD_1_241_CA_4_evaluation,HOUSEHOLD_1_241,HOUSEHOLD_1,HOUSEHOLD,CA_4,CA,642,HOUSEHOLD_mid
HOUSEHOLD_1_499_WI_3_evaluation,HOUSEHOLD_1_499,HOUSEHOLD_1,HOUSEHOLD,WI_3,WI,642,HOUSEHOLD_mid
HOUSEHOLD_1_415_WI_1_evaluation,HOUSEHOLD_1_415,HOUSEHOLD_1,HOUSEHOLD,WI_1,WI,642,HOUSEHOLD_mid
HOUSEHOLD_2_031_TX_2_evaluation,HOUSEHOLD_2_031,HOUSEHOLD_2,HOUSEHOLD,TX_2,TX,643,HOUSEHOLD_mid
HOUSEHOLD_2_119_CA_4_evaluation,HOUSEHOLD_2_119,HOUSEHOLD_2,HOUSEHOLD,CA_4,CA,643,HOUSEHOLD_mid
HOUSEHOLD_2_391_CA_1_evaluation,HOUSEHOLD_2_391,HOUSEHOLD_2,HOUSEHOLD,CA_1,CA,643,HOUSEHOLD_mid
HOUSEHOLD_2_170_WI_2_evaluation,HOUSEHOLD_2_170,HOUSEHOLD_2,HOUSEHOLD,WI_2,WI,644,HOUSEHOLD_mid
HOUSEHOLD_1_134_WI_3_evaluation,HOUSEHOLD_1_134,HOUSEHOLD_1,HOUSEHOLD,WI_3,WI,644,HOUSEHOLD_mid
HOUSEHOLD_2_250_WI_2_evaluation,HOUSEHOLD_2_250,HOUSEHOLD_2,HOUSEHOLD,WI_2,WI,644,HOUSEHOLD_mid
HOUSEHOLD_1_280_CA_4_evaluation,HOUSEHOLD_1_280,HOUSEHOLD_1,HOUSEHOLD,CA_4,CA,644,HOUSEHOLD_mid
HOUSEHOLD_2_201_TX_3_evaluation,HOUSEHOLD_2_201,HOUSEHOLD_2,HOUSEHOLD,TX_3,TX,644,HOUSEHOLD_mid
HOUSEHOLD_1_333_CA_4_evaluation,HOUSEHOLD_1_333,HOUSEHOLD_1,HOUSEHOLD,CA_4,CA,644,HOUSEHOLD_mid
HOUSEHOLD_2_047_TX_3_evaluation,HOUSEHOLD_2_047,HOUSEHOLD_2,HOUSEHOLD,TX_3,TX,644,HOUSEHOLD_mid
HOUSEHOLD_1_224_TX_1_evaluation,HOUSEHOLD_1_224,HOUSEHOLD_1,HOUSEHOLD,TX_1,TX,644,HOUSEHOLD_mid
HOUSEHOLD_2_029_CA_3_evaluation,HOUSEHOLD_2_029,HOUSEHOLD_2,HOUSEHOLD,CA_3,CA,644,HOUSEHOLD_mid
HOUSEHOLD_2_203_WI_3_evaluation,HOUSEHOLD_2_203,HOUSEHOLD_2,HOUSEHOLD,WI_3,WI,644,HOUSEHOLD_mid
HOUSEHOLD_2_021_TX_1_evaluation,HOUSEHOLD_2_021,HOUSEHOLD_2,HOUSEHOLD,TX_1,TX,645,HOUSEHOLD_mid
HOUSEHOLD_2_074_WI_2_evaluation,HOUSEHOLD_2_074,HOUSEHOLD_2,HOUSEHOLD,WI_2,WI,645,HOUSEHOLD_mid
HOUSEHOLD_1_172_CA_4_evaluation,HOUSEHOLD_1_172,HOUSEHOLD_1,HOUSEHOLD,CA_4,CA,645,HOUSEHOLD_mid
HOUSEHOLD_1_101_WI_3_evaluation,HOUSEHOLD_1_101,HOUSEHOLD_1,HOUSEHOLD,WI_3,WI,645,HOUSEHOLD_mid
HOUSEHOLD_1_035_TX_2_evaluation,HOUSEHOLD_1_035,HOUSEHOLD_1,HOUSEHOLD,TX_2,TX,646,HOUSEHOLD_mid
HOUSEHOLD_1_189_TX_1_evaluation,HOUSEHOLD_1_189,HOUSEHOLD_1,HOUSEHOLD,TX_1,TX,646,HOUSEHOLD_mid
HOUSEHOLD_1_513_WI_2_evaluation,HOUSEHOLD_1_513,HOUSEHOLD_1,HOUSEHOLD,WI_2,WI,646,HOUSEHOLD_mid
HOUSEHOLD_2_011_WI_3_evaluation,HOUSEHOLD_2_011,HOUSEHOLD_2,HOUSEHOLD,WI_3,WI,646,HOUSEHOLD_mid
HOUSEHOLD_1_436_WI_2_evaluation,HOUSEHOLD_1_436,HOUSEHOLD_1,HOUSEHOLD,WI_2,WI,646,HOUSEHOLD_mid
HOUSEHOLD_1_322_CA_4_evaluation,HOUSEHOLD_1_322,HOUSEHOLD_1,HOUSEHOLD,CA_4,CA,646,HOUSEHOLD_mid
HOUSEHOLD_2_390_TX_3_evaluation,HOUSEHOLD_2_390,HOUSEHOLD_2,HOUSEHOLD,TX_3,TX,646,HOUSEHOLD_mid
HOUSEHOLD_1_467_CA_2_evaluation,HOUSEHOLD_1_467,HOUSEHOLD_1,HOUSEHOLD,CA_2,CA,647,HOUSEHOLD_mid
HOUSEHOLD_2_512_CA_4_evaluation,HOUSEHOLD_2_512,HOUSEHOLD_2,HOUSEHOLD,CA_4,CA,647,HOUSEHOLD_mid
HOUSEHOLD_1_390_CA_3_evaluation,HOUSEHOLD_1_390,HOUSEHOLD_1,HOUSEHOLD,CA_3,CA,647,HOUSEHOLD_mid
HOUSEHOLD_2_495_TX_2_evaluation,HOUSEHOLD_2_495,HOUSEHOLD_2,HOUSEHOLD,TX_2,TX,647,HOUSEHOLD_mid
HOUSEHOLD_1_093_CA_4_evaluation,HOUSEHOLD_1_093,HOUSEHOLD_1,HOUSEHOLD,CA_4,CA,647,HOUSEHOLD_mid
HOUSEHOLD_2_128_CA_3_evaluation,HOUSEHOLD_2_128,HOUSEHOLD_2,HOUSEHOLD,CA_3,CA,647,HOUSEHOLD_mid
HOUSEHOLD_2_279_CA_1_evaluation,HOUSEHOLD_2_279,HOUSEHOLD_2,HOUSEHOLD,CA_1,CA,647,HOUSEHOLD_mid
HOUSEHOLD_2_118_WI_1_evaluation,HOUSEHOLD_2_118,HOUSEHOLD_2,HOUSEHOLD,WI_1,WI,647,HOUSEHOLD_mid
HOUSEHOLD_2_424_TX_2_evaluation,HOUSEHOLD_2_424,HOUSEHOLD_2,HOUSEHOLD,TX_2,TX,648,HOUSEHOLD_mid
HOUSEHOLD_1_416_CA_4_evaluation,HOUSEHOLD_1_416,HOUSEHOLD_1,HOUSEHOLD,CA_4,CA,648,HOUSEHOLD_mid
HOUSEHOLD_1_371_WI_3_evaluation,HOUSEHOLD_1_371,HOUSEHOLD_1,HOUSEHOLD,WI_3,WI,648,HOUSEHOLD_mid
HOUSEHOLD_1_527_WI_2_evaluation,HOUSEHOLD_1_527,HOUSEHOLD_1,HOUSEHOLD,WI_2,WI,648,HOUSEHOLD_mid
HOUSEHOLD_1_311_WI_1_evaluation,HOUSEHOLD_1_311,HOUSEHOLD_1,HOUSEHOLD,WI_1,WI,649,HOUSEHOLD_mid
HOUSEHOLD_1_472_CA_3_evaluation,HOUSEHOLD_1_472,HOUSEHOLD_1,HOUSEHOLD,CA_3,CA,649,HOUSEHOLD_mid
HOUSEHOLD_1_065_WI_2_evaluation,HOUSEHOLD_1_065,HOUSEHOLD_1,HOUSEHOLD,WI_2,WI,649,HOUSEHOLD_mid
HOUSEHOLD_2_030_TX_1_evaluation,HOUSEHOLD_2_030,HOUSEHOLD_2,HOUSEHOLD,TX_1,TX,649,HOUSEHOLD_mid
HOUSEHOLD_2_191_TX_3_evaluation,HOUSEHOLD_2_191,HOUSEHOLD_2,HOUSEHOLD,TX_3,TX,649,HOUSEHOLD_mid
HOUSEHOLD_2_078_WI_2_evaluation,HOUSEHOLD_2_078,HOUSEHOLD_2,HOUSEHOLD,WI_2,WI,649,HOUSEHOLD_mid
HOUSEHOLD_2_232_WI_2_evaluation,HOUSEHOLD_2_232,HOUSEHOLD_2,HOUSEHOLD,WI_2,WI,649,HOUSEHOLD_mid
HOUSEHOLD_2_198_CA_3_evaluation,HOUSEHOLD_2_198,HOUSEHOLD_2,HOUSEHOLD,CA_3,CA,649,HOUSEHOLD_mid
HOUSEHOLD_2_477_TX_2_evaluation,HOUSEHOLD_2_477,HOUSEHOLD_2,HOUSEHOLD,TX_2,TX,650,HOUSEHOLD_mid
HOUSEHOLD_1_382_TX_3_evaluation,HOUSEHOLD_1_382,HOUSEHOLD_1,HOUSEHOLD,TX_3,TX,650,HOUSEHOLD_mid
HOUSEHOLD_2_084_WI_3_evaluation,HOUSEHOLD_2_084,HOUSEHOLD_2,HOUSEHOLD,WI_3,WI,650,HOUSEHOLD_mid
HOUSEHOLD_1_340_CA_2_evaluation,HOUSEHOLD_1_340,HOUSEHOLD_1,HOUSEHOLD,CA_2,CA,650,HOUSEHOLD_mid
HOUSEHOLD_1_353_TX_2_evaluation,HOUSEHOLD_1_353,HOUSEHOLD_1,HOUSEHOLD,TX_2,TX,651,HOUSEHOLD_mid
HOUSEHOLD_2_223_CA_3_evaluation,HOUSEHOLD_2_223,HOUSEHOLD_2,HOUSEHOLD,CA_3,CA,651,HOUSEHOLD_mid
HOUSEHOLD_2_035_TX_2_evaluation,HOUSEHOLD_2_035,HOUSEHOLD_2,HOUSEHOLD,TX_2,TX,651,HOUSEHOLD_mid
HOUSEHOLD_1_013_CA_4_evaluation,HOUSEHOLD_1_013,HOUSEHOLD_1,HOUSEHOLD,CA_4,CA,651,HOUSEHOLD_mid
HOUSEHOLD_2_079_WI_1_evaluation,HOUSEHOLD_2_079,HOUSEHOLD_2,HOUSEHOLD,WI_1,WI,651,HOUSEHOLD_mid
HOUSEHOLD_1_161_TX_1_evaluation,HOUSEHOLD_1_161,HOUSEHOLD_1,HOUSEHOLD,TX_1,TX,652,HOUSEHOLD_mid
HOUSEHOLD_1_193_TX_3_evaluation,HOUSEHOLD_1_193,HOUSEHOLD_1,HOUSEHOLD,TX_3,TX,652,HOUSEHOLD_mid
HOUSEHOLD_1_326_CA_1_evaluation,HOUSEHOLD_1_326,HOUSEHOLD_1,HOUSEHOLD,CA_1,CA,653,HOUSEHOLD_mid
HOUSEHOLD_2_183_WI_1_evaluation,HOUSEHOLD_2_183,HOUSEHOLD_2,HOUSEHOLD,WI_1,WI,653,HOUSEHOLD_mid
HOUSEHOLD_2_131_CA_2_evaluation,HOUSEHOLD_2_131,HOUSEHOLD_2,HOUSEHOLD,CA_2,CA,653,HOUSEHOLD_mid
HOUSEHOLD_2_284_TX_3_evaluation,HOUSEHOLD_2_284,HOUSEHOLD_2,HOUSEHOLD,TX_3,TX,653,HOUSEHOLD_mid
HOUSEHOLD_2_148_TX_2_evaluation,HOUSEHOLD_2_148,HOUSEHOLD_2,HOUSEHOLD,TX_2,TX,654,HOUSEHOLD_mid
HOUSEHOLD_1_193_TX_2_evaluation,HOUSEHOLD_1_193,HOUSEHOLD_1,HOUSEHOLD,TX_2,TX,654,HOUSEHOLD_mid
HOUSEHOLD_2_200_TX_3_evaluation,HOUSEHOLD_2_200,HOUSEHOLD_2,HOUSEHOLD,TX_3,TX,654,HOUSEHOLD_mid
HOBBIES_1_170_WI_3_evaluation,HOBBIES_1_170,HOBBIES_1,HOBBIES,WI_3,WI,13,HOBBIES_low
HOBBIES_1_026_CA_1_evaluation,HOBBIES_1_026,HOBBIES_1,HOBBIES,CA_1,CA,21,HOBBIES_low
HOBBIES_1_063_CA_4_evaluation,HOBBIES_1_063,HOBBIES_1,HOBBIES,CA_4,CA,24,HOBBIES_low
HOBBIES_1_006_CA_4_evaluation,HOBBIES_1_006,HOBBIES_1,HOBBIES,CA_4,CA,25,HOBBIES_low
HOBBIES_1_212_WI_2_evaluation,HOBBIES_1_212,HOBBIES_1,HOBBIES,WI_2,WI,25,HOBBIES_low
HOBBIES_1_186_WI_3_evaluation,HOBBIES_1_186,HOBBIES_1,HOBBIES,WI_3,WI,27,HOBBIES_low
HOBBIES_2_108_WI_3_evaluation,HOBBIES_2_108,HOBBIES_2,HOBBIES,WI_3,WI,27,HOBBIES_low
HOBBIES_2_084_CA_4_evaluation,HOBBIES_2_084,HOBBIES_2,HOBBIES,CA_4,CA,28,HOBBIES_low
HOBBIES_1_402_WI_1_evaluation,HOBBIES_1_402,HOBBIES_1,HOBBIES,WI_1,WI,28,HOBBIES_low
HOBBIES_1_230_CA_4_evaluation,HOBBIES_1_230,HOBBIES_1,HOBBIES,CA_4,CA,28,HOBBIES_low
HOBBIES_2_025_CA_4_evaluation,HOBBIES_2_025,HOBBIES_2,HOBBIES,CA_4,CA,28,HOBBIES_low
HOBBIES_1_217_TX_1_evaluation,HOBBIES_1_217,HOBBIES_1,HOBBIES,TX_1,TX,28,HOBBIES_low
HOBBIES_2_025_TX_1_evaluation,HOBBIES_2_025,HOBBIES_2,HOBBIES,TX_1,TX,28,HOBBIES_low
HOBBIES_1_170_CA_4_evaluation,HOBBIES_1_170,HOBBIES_1,HOBBIES,CA_4,CA,29,HOBBIES_low
HOBBIES_2_064_CA_4_evaluation,HOBBIES_2_064,HOBBIES_2,HOBBIES,CA_4,CA,30,HOBBIES_low
HOBBIES_2_027_CA_4_evaluation,HOBBIES_2_027,HOBBIES_2,HOBBIES,CA_4,CA,30,HOBBIES_low
HOBBIES_1_274_CA_4_evaluation,HOBBIES_1_274,HOBBIES_1,HOBBIES,CA_4,CA,30,HOBBIES_low
HOBBIES_1_052_CA_2_evaluation,HOBBIES_1_052,HOBBIES_1,HOBBIES,CA_2,CA,31,HOBBIES_low
HOBBIES_2_030_CA_4_evaluation,HOBBIES_2_030,HOBBIES_2,HOBBIES,CA_4,CA,31,HOBBIES_low
HOBBIES_2_138_CA_4_evaluation,HOBBIES_2_138,HOBBIES_2,HOBBIES,CA_4,CA,31,HOBBIES_low
HOBBIES_1_125_TX_3_evaluation,HOBBIES_1_125,HOBBIES_1,HOBBIES,TX_3,TX,31,HOBBIES_low
HOBBIES_2_005_CA_4_evaluation,HOBBIES_2_005,HOBBIES_2,HOBBIES,CA_4,CA,32,HOBBIES_low
HOBBIES_2_035_CA_4_evaluation,HOBBIES_2_035,HOBBIES_2,HOBBIES,CA_4,CA,32,HOBBIES_low
HOBBIES_1_052_CA_3_evaluation,HOBBIES_1_052,HOBBIES_1,HOBBIES,CA_3,CA,32,HOBBIES_low
HOBBIES_2_056_TX_3_evaluation,HOBBIES_2_056,HOBBIES_2,HOBBIES,TX_3,TX,32,HOBBIES_low
HOBBIES_1_389_WI_2_evaluation,HOBBIES_1_389,HOBBIES_1,HOBBIES,WI_2,WI,33,HOBBIES_low
HOBBIES_2_065_CA_4_evaluation,HOBBIES_2_065,HOBBIES_2,HOBBIES,CA_4,CA,34,HOBBIES_low
HOBBIES_1_217_TX_3_evaluation,HOBBIES_1_217,HOBBIES_1,HOBBIES,TX_3,TX,34,HOBBIES_low
HOBBIES_1_197_CA_4_evaluation,HOBBIES_1_197,HOBBIES_1,HOBBIES,CA_4,CA,36,HOBBIES_low
HOBBIES_2_110_WI_2_evaluation,HOBBIES_2_110,HOBBIES_2,HOBBIES,WI_2,WI,36,HOBBIES_low
HOBBIES_2_031_WI_2_evaluation,HOBBIES_2_031,HOBBIES_2,HOBBIES,WI_2,WI,36,HOBBIES_low
HOBBIES_2_027_WI_3_evaluation,HOBBIES_2_027,HOBBIES_2,HOBBIES,WI_3,WI,38,HOBBIES_low
HOBBIES_1_336_WI_1_evaluation,HOBBIES_1_336,HOBBIES_1,HOBBIES,WI_1,WI,38,HOBBIES_low
HOBBIES_1_389_WI_3_evaluation,HOBBIES_1_389,HOBBIES_1,HOBBIES,WI_3,WI,39,HOBBIES_low
HOBBIES_2_012_WI_1_evaluation,HOBBIES_2_012,HOBBIES_2,HOBBIES,WI_1,WI,39,HOBBIES_low
HOBBIES_2_056_TX_1_evaluation,HOBBIES_2_056,HOBBIES_2,HOBBIES,TX_1,TX,39,HOBBIES_low
HOBBIES_2_070_CA_4_evaluation,HOBBIES_2_070,HOBBIES_2,HOBBIES,CA_4,CA,40,HOBBIES_low
HOBBIES_1_054_WI_3_evaluation,HOBBIES_1_054,HOBBIES_1,HOBBIES,WI_3,WI,40,HOBBIES_low
HOBBIES_2_084_WI_3_evaluation,HOBBIES_2_084,HOBBIES_2,HOBBIES,WI_3,WI,40,HOBBIES_low
HOBBIES_1_269_TX_3_evaluation,HOBBIES_1_269,HOBBIES_1,HOBBIES,TX_3,TX,40,HOBBIES_low
HOBBIES_2_055_CA_4_evaluation,HOBBIES_2_055,HOBBIES_2,HOBBIES,CA_4,CA,41,HOBBIES_low
HOBBIES_2_119_TX_1_evaluation,HOBBIES_2_119,HOBBIES_2,HOBBIES,TX_1,TX,41,HOBBIES_low
HOBBIES_2_099_TX_1_evaluation,HOBBIES_2_099,HOBBIES_2,HOBBIES,TX_1,TX,41,HOBBIES_low
HOBBIES_2_082_TX_1_evaluation,HOBBIES_2_082,HOBBIES_2,HOBBIES,TX_1,TX,42,HOBBIES_low
HOBBIES_1_265_CA_4_evaluation,HOBBIES_1_265,HOBBIES_1,HOBBIES,CA_4,CA,42,HOBBIES_low
HOBBIES_2_021_CA_4_evaluation,HOBBIES_2_021,HOBBIES_2,HOBBIES,CA_4,CA,42,HOBBIES_low
HOBBIES_2_077_WI_1_evaluation,HOBBIES_2_077,HOBBIES_2,HOBBIES,WI_1,WI,43,HOBBIES_low
HOBBIES_1_412_CA_4_evaluation,HOBBIES_1_412,HOBBIES_1,HOBBIES,CA_4,CA,43,HOBBIES_low
HOBBIES_2_023_WI_2_evaluation,HOBBIES_2_023,HOBBIES_2,HOBBIES,WI_2,WI,43,HOBBIES_low
HOBBIES_1_419_CA_4_evaluation,HOBBIES_1_419,HOBBIES_1,HOBBIES,CA_4,CA,43,HOBBIES_low
HOBBIES_2_084_TX_1_evaluation,HOBBIES_2_084,HOBBIES_2,HOBBIES,TX_1,TX,43,HOBBIES_low
HOBBIES_1_003_WI_3_evaluation,HOBBIES_1_003,HOBBIES_1,HOBBIES,WI_3,WI,43,HOBBIES_low
HOBBIES_2_047_CA_4_evaluation,HOBBIES_2_047,HOBBIES_2,HOBBIES,CA_4,CA,43,HOBBIES_low
HOBBIES_2_111_CA_3_evaluation,HOBBIES_2_111,HOBBIES_2,HOBBIES,CA_3,CA,43,HOBBIES_low
HOBBIES_2_027_CA_3_evaluation,HOBBIES_2_027,HOBBIES_2,HOBBIES,CA_3,CA,43,HOBBIES_low
HOBBIES_1_267_CA_4_evaluation,HOBBIES_1_267,HOBBIES_1,HOBBIES,CA_4,CA,43,HOBBIES_low
HOBBIES_2_086_CA_4_evaluation,HOBBIES_2_086,HOBBIES_2,HOBBIES,CA_4,CA,44,HOBBIES_low
HOBBIES_2_018_TX_1_evaluation,HOBBIES_2_018,HOBBIES_2,HOBBIES,TX_1,TX,44,HOBBIES_low
HOBBIES_1_170_TX_1_evaluation,HOBBIES_1_170,HOBBIES_1,HOBBIES,TX_1,TX,44,HOBBIES_low
HOBBIES_2_119_CA_4_evaluation,HOBBIES_2_119,HOBBIES_2,HOBBIES,CA_4,CA,44,HOBBIES_low
HOBBIES_2_077_TX_3_evaluation,HOBBIES_2_077,HOBBIES_2,HOBBIES,TX_3,TX,44,HOBBIES_low
HOBBIES_2_119_WI_3_evaluation,HOBBIES_2_119,HOBBIES_2,HOBBIES,WI_3,WI,45,HOBBIES_low
HOBBIES_2_073_CA_4_evaluation,HOBBIES_2_073,HOBBIES_2,HOBBIES,CA_4,CA,45,HOBBIES_low
HOBBIES_2_084_TX_3_evaluation,HOBBIES_2_084,HOBBIES_2,HOBBIES,TX_3,TX,46,HOBBIES_low
HOBBIES_1_325_TX_1_evaluation,HOBBIES_1_325,HOBBIES_1,HOBBIES,TX_1,TX,46,HOBBIES_low
HOBBIES_2_040_CA_4_evaluation,HOBBIES_2_040,HOBBIES_2,HOBBIES,CA_4,CA,46,HOBBIES_low
HOBBIES_1_389_WI_1_evaluation,HOBBIES_1_389,HOBBIES_1,HOBBIES,WI_1,WI,46,HOBBIES_low
HOBBIES_2_023_TX_1_evaluation,HOBBIES_2_023,HOBBIES_2,HOBBIES,TX_1,TX,46,HOBBIES_low
HOBBIES_1_052_CA_4_evaluation,HOBBIES_1_052,HOBBIES_1,HOBBIES,CA_4,CA,46,HOBBIES_low
HOBBIES_1_186_TX_1_evaluation,HOBBIES_1_186,HOBBIES_1,HOBBIES,TX_1,TX,46,HOBBIES_low
HOBBIES_2_082_CA_4_evaluation,HOBBIES_2_082,HOBBIES_2,HOBBIES,CA_4,CA,47,HOBBIES_low
HOBBIES_2_014_CA_4_evaluation,HOBBIES_2_014,HOBBIES_2,HOBBIES,CA_4,CA,47,HOBBIES_low
HOBBIES_2_010_CA_4_evaluation,HOBBIES_2_010,HOBBIES_2,HOBBIES,CA_4,CA,47,HOBBIES_low
HOBBIES_2_015_CA_4_evaluation,HOBBIES_2_015,HOBBIES_2,HOBBIES,CA_4,CA,47,HOBBIES_low
HOBBIES_2_106_WI_3_evaluation,HOBBIES_2_106,HOBBIES_2,HOBBIES,WI_3,WI,47,HOBBIES_low
HOBBIES_2_077_TX_1_evaluation,HOBBIES_2_077,HOBBIES_2,HOBBIES,TX_1,TX,47,HOBBIES_low
HOBBIES_2_077_CA_4_evaluation,HOBBIES_2_077,HOBBIES_2,HOBBIES,CA_4,CA,47,HOBBIES_low
HOBBIES_2_143_CA_4_evaluation,HOBBIES_2_143,HOBBIES_2,HOBBIES,CA_4,CA,48,HOBBIES_low
HOBBIES_1_192_TX_3_evaluation,HOBBIES_1_192,HOBBIES_1,HOBBIES,TX_3,TX,48,HOBBIES_low
HOBBIES_1_181_WI_2_evaluation,HOBBIES_1_181,HOBBIES_1,HOBBIES,WI_2,WI,48,HOBBIES_low
HOBBIES_2_080_CA_4_evaluation,HOBBIES_2_080,HOBBIES_2,HOBBIES,CA_4,CA,49,HOBBIES_low
HOBBIES_2_035_WI_2_evaluation,HOBBIES_2_035,HOBBIES_2,HOBBIES,WI_2,WI,49,HOBBIES_low
HOBBIES_2_047_TX_1_evaluation,HOBBIES_2_047,HOBBIES_2,HOBBIES,TX_1,TX,49,HOBBIES_low
HOBBIES_2_111_TX_2_evaluation,HOBBIES_2_111,HOBBIES_2,HOBBIES,TX_2,TX,49,HOBBIES_low
HOBBIES_1_212_TX_1_evaluation,HOBBIES_1_212,HOBBIES_1,HOBBIES,TX_1,TX,49,HOBBIES_low
HOBBIES_2_065_WI_2_evaluation,HOBBIES_2_065,HOBBIES_2,HOBBIES,WI_2,WI,49,HOBBIES_low
HOBBIES_2_110_CA_4_evaluation,HOBBIES_2_110,HOBBIES_2,HOBBIES,CA_4,CA,49,HOBBIES_low
HOBBIES_1_188_CA_4_evaluation,HOBBIES_1_188,HOBBIES_1,HOBBIES,CA_4,CA,50,HOBBIES_low
HOBBIES_2_015_CA_1_evaluation,HOBBIES_2_015,HOBBIES_2,HOBBIES,CA_1,CA,50,HOBBIES_low
HOBBIES_2_025_WI_3_evaluation,HOBBIES_2_025,HOBBIES_2,HOBBIES,WI_3,WI,50,HOBBIES_low
HOBBIES_1_066_WI_2_evaluation,HOBBIES_1_066,HOBBIES_1,HOBBIES,WI_2,WI,50,HOBBIES_low
HOBBIES_2_144_CA_4_evaluation,HOBBIES_2_144,HOBBIES_2,HOBBIES,CA_4,CA,51,HOBBIES_low
HOBBIES_2_037_CA_4_evaluation,HOBBIES_2_037,HOBBIES_2,HOBBIES,CA_4,CA,51,HOBBIES_low
HOBBIES_1_045_WI_2_evaluation,HOBBIES_1_045,HOBBIES_1,HOBBIES,WI_2,WI,51,HOBBIES_low
HOBBIES_2_127_CA_4_evaluation,HOBBIES_2_127,HOBBIES_2,HOBBIES,CA_4,CA,53,HOBBIES_low
HOBBIES_2_023_TX_3_evaluation,HOBBIES_2_023,HOBBIES_2,HOBBIES,TX_3,TX,53,HOBBIES_low
HOBBIES_1_212_WI_3_evaluation,HOBBIES_1_212,HOBBIES_1,HOBBIES,WI_3,WI,54,HOBBIES_low
HOBBIES_2_099_CA_4_evaluation,HOBBIES_2_099,HOBBIES_2,HOBBIES,CA_4,CA,54,HOBBIES_low
HOBBIES_1_045_TX_1_evaluation,HOBBIES_1_045,HOBBIES_1,HOBBIES,TX_1,TX,54,HOBBIES_low
HOBBIES_2_013_TX_1_evaluation,HOBBIES_2_013,HOBBIES_2,HOBBIES,TX_1,TX,54,HOBBIES_low
HOBBIES_1_052_WI_3_evaluation,HOBBIES_1_052,HOBBIES_1,HOBBIES,WI_3,WI,54,HOBBIES_low
HOBBIES_1_360_CA_4_evaluation,HOBBIES_1_360,HOBBIES_1,HOBBIES,CA_4,CA,55,HOBBIES_low
HOBBIES_2_023_CA_3_evaluation,HOBBIES_2_023,HOBBIES_2,HOBBIES,CA_3,CA,55,HOBBIES_low
HOBBIES_2_119_WI_2_evaluation,HOBBIES_2_119,HOBBIES_2,HOBBIES,WI_2,WI,55,HOBBIES_low
HOBBIES_2_019_TX_1_evaluation,HOBBIES_2_019,HOBBIES_2,HOBBIES,TX_1,TX,55,HOBBIES_low
HOBBIES_2_067_WI_2_evaluation,HOBBIES_2_067,HOBBIES_2,HOBBIES,WI_2,WI,56,HOBBIES_low
HOBBIES_2_031_WI_3_evaluation,HOBBIES_2_031,HOBBIES_2,HOBBIES,WI_3,WI,56,HOBBIES_low
HOBBIES_1_389_TX_3_evaluation,HOBBIES_1_389,HOBBIES_1,HOBBIES,TX_3,TX,56,HOBBIES_low
HOBBIES_2_119_TX_3_evaluation,HOBBIES_2_119,HOBBIES_2,HOBBIES,TX_3,TX,57,HOBBIES_low
HOBBIES_2_132_CA_4_evaluation,HOBBIES_2_132,HOBBIES_2,HOBBIES,CA_4,CA,57,HOBBIES_low
HOBBIES_2_023_WI_3_evaluation,HOBBIES_2_023,HOBBIES_2,HOBBIES,WI_3,WI,58,HOBBIES_low
HOBBIES_2_031_CA_4_evaluation,HOBBIES_2_031,HOBBIES_2,HOBBIES,CA_4,CA,58,HOBBIES_low
HOBBIES_2_119_CA_1_evaluation,HOBBIES_2_119,HOBBIES_2,HOBBIES,CA_1,CA,58,HOBBIES_low
HOBBIES_2_106_CA_4_evaluation,HOBBIES_2_106,HOBBIES_2,HOBBIES,CA_4,CA,58,HOBBIES_low
HOBBIES_1_283_CA_4_evaluation,HOBBIES_1_283,HOBBIES_1,HOBBIES,CA_4,CA,58,HOBBIES_low
HOBBIES_1_181_TX_1_evaluation,HOBBIES_1_181,HOBBIES_1,HOBBIES,TX_1,TX,58,HOBBIES_low
HOBBIES_1_045_WI_3_evaluation,HOBBIES_1_045,HOBBIES_1,HOBBIES,WI_3,WI,58,HOBBIES_low
HOBBIES_2_034_CA_4_evaluation,HOBBIES_2_034,HOBBIES_2,HOBBIES,CA_4,CA,59,HOBBIES_low
HOBBIES_1_112_TX_3_evaluation,HOBBIES_1_112,HOBBIES_1,HOBBIES,TX_3,TX,59,HOBBIES_low
HOBBIES_2_132_TX_2_evaluation,HOBBIES_2_132,HOBBIES_2,HOBBIES,TX_2,TX,59,HOBBIES_low
HOBBIES_2_132_WI_2_evaluation,HOBBIES_2_132,HOBBIES_2,HOBBIES,WI_2,WI,60,HOBBIES_low
HOBBIES_1_243_CA_4_evaluation,HOBBIES_1_243,HOBBIES_1,HOBBIES,CA_4,CA,60,HOBBIES_low
HOBBIES_2_047_WI_3_evaluation,HOBBIES_2_047,HOBBIES_2,HOBBIES,WI_3,WI,60,HOBBIES_low
HOBBIES_2_087_CA_4_evaluation,HOBBIES_2_087,HOBBIES_2,HOBBIES,CA_4,CA,60,HOBBIES_low
HOBBIES_1_045_TX_3_evaluation,HOBBIES_1_045,HOBBIES_1,HOBBIES,TX_3,TX,60,HOBBIES_low
HOBBIES_1_392_WI_2_evaluation,HOBBIES_1_392,HOBBIES_1,HOBBIES,WI_2,WI,60,HOBBIES_low
HOBBIES_1_065_WI_3_evaluation,HOBBIES_1_065,HOBBIES_1,HOBBIES,WI_3,WI,60,HOBBIES_low
HOBBIES_1_180_WI_3_evaluation,HOBBIES_1_180,HOBBIES_1,HOBBIES,WI_3,WI,60,HOBBIES_low
HOBBIES_1_062_TX_1_evaluation,HOBBIES_1_062,HOBBIES_1,HOBBIES,TX_1,TX,60,HOBBIES_low
HOBBIES_1_052_TX_1_evaluation,HOBBIES_1_052,HOBBIES_1,HOBBIES,TX_1,TX,61,HOBBIES_low
HOBBIES_2_127_WI_3_evaluation,HOBBIES_2_127,HOBBIES_2,HOBBIES,WI_3,WI,61,HOBBIES_low
HOBBIES_2_049_CA_4_evaluation,HOBBIES_2_049,HOBBIES_2,HOBBIES,CA_4,CA,61,HOBBIES_low
HOBBIES_2_090_TX_1_evaluation,HOBBIES_2_090,HOBBIES_2,HOBBIES,TX_1,TX,61,HOBBIES_low
HOBBIES_1_069_TX_3_evaluation,HOBBIES_1_069,HOBBIES_1,HOBBIES,TX_3,TX,62,HOBBIES_low
HOBBIES_2_005_WI_3_evaluation,HOBBIES_2_005,HOBBIES_2,HOBBIES,WI_3,WI,62,HOBBIES_low
HOBBIES_2_015_WI_3_evaluation,HOBBIES_2_015,HOBBIES_2,HOBBIES,WI_3,WI,62,HOBBIES_low
HOBBIES_2_082_WI_1_evaluation,HOBBIES_2_082,HOBBIES_2,HOBBIES,WI_1,WI,62,HOBBIES_low
HOBBIES_1_186_TX_3_evaluation,HOBBIES_1_186,HOBBIES_1,HOBBIES,TX_3,TX,62,HOBBIES_low
HOBBIES_1_125_WI_3_evaluation,HOBBIES_1_125,HOBBIES_1,HOBBIES,WI_3,WI,63,HOBBIES_low
HOBBIES_1_292_WI_3_evaluation,HOBBIES_1_292,HOBBIES_1,HOBBIES,WI_3,WI,63,HOBBIES_low
HOBBIES_1_192_CA_4_evaluation,HOBBIES_1_192,HOBBIES_1,HOBBIES,CA_4,CA,63,HOBBIES_low
HOBBIES_1_272_TX_1_evaluation,HOBBIES_1_272,HOBBIES_1,HOBBIES,TX_1,TX,63,HOBBIES_low
HOBBIES_2_079_WI_3_evaluation,HOBBIES_2_079,HOBBIES_2,HOBBIES,WI_3,WI,63,HOBBIES_low
HOBBIES_2_134_CA_4_evaluation,HOBBIES_2_134,HOBBIES_2,HOBBIES,CA_4,CA,63,HOBBIES_low
HOBBIES_1_054_TX_1_evaluation,HOBBIES_1_054,HOBBIES_1,HOBBIES,TX_1,TX,64,HOBBIES_low
HOBBIES_1_083_WI_3_evaluation,HOBBIES_1_083,HOBBIES_1,HOBBIES,WI_3,WI,64,HOBBIES_low
HOBBIES_1_283_WI_3_evaluation,HOBBIES_1_283,HOBBIES_1,HOBBIES,WI_3,WI,65,HOBBIES_low
HOBBIES_2_038_TX_1_evaluation,HOBBIES_2_038,HOBBIES_2,HOBBIES,TX_1,TX,65,HOBBIES_low
HOBBIES_2_119_TX_2_evaluation,HOBBIES_2_119,HOBBIES_2,HOBBIES,TX_2,TX,65,HOBBIES_low
HOBBIES_2_138_TX_1_evaluation,HOBBIES_2_138,HOBBIES_2,HOBBIES,TX_1,TX,65,HOBBIES_low
HOBBIES_1_219_CA_4_evaluation,HOBBIES_1_219,HOBBIES_1,HOBBIES,CA_4,CA,66,HOBBIES_low
HOBBIES_1_302_TX_3_evaluation,HOBBIES_1_302,HOBBIES_1,HOBBIES,TX_3,TX,66,HOBBIES_low
HOBBIES_2_031_TX_2_evaluation,HOBBIES_2_031,HOBBIES_2,HOBBIES,TX_2,TX,66,HOBBIES_low
HOBBIES_2_021_TX_2_evaluation,HOBBIES_2_021,HOBBIES_2,HOBBIES,TX_2,TX,66,HOBBIES_low
HOBBIES_2_025_WI_2_evaluation,HOBBIES_2_025,HOBBIES_2,HOBBIES,WI_2,WI,66,HOBBIES_low
HOBBIES_1_269_TX_1_evaluation,HOBBIES_1_269,HOBBIES_1,HOBBIES,TX_1,TX,66,HOBBIES_low
HOBBIES_2_012_CA_4_evaluation,HOBBIES_2_012,HOBBIES_2,HOBBIES,CA_4,CA,66,HOBBIES_low
HOBBIES_2_044_WI_3_evaluation,HOBBIES_2_044,HOBBIES_2,HOBBIES,WI_3,WI,67,HOBBIES_low
HOBBIES_1_052_WI_1_evaluation,HOBBIES_1_052,HOBBIES_1,HOBBIES,WI_1,WI,67,HOBBIES_low
HOBBIES_2_101_CA_4_evaluation,HOBBIES_2_101,HOBBIES_2,HOBBIES,CA_4,CA,68,HOBBIES_low
HOBBIES_2_015_WI_1_evaluation,HOBBIES_2_015,HOBBIES_2,HOBBIES,WI_1,WI,68,HOBBIES_low
HOBBIES_2_015_WI_2_evaluation,HOBBIES_2_015,HOBBIES_2,HOBBIES,WI_2,WI,68,HOBBIES_low
HOBBIES_1_340_WI_1_evaluation,HOBBIES_1_340,HOBBIES_1,HOBBIES,WI_1,WI,68,HOBBIES_low
HOBBIES_2_111_WI_3_evaluation,HOBBIES_2_111,HOBBIES_2,HOBBIES,WI_3,WI,69,HOBBIES_low
HOBBIES_2_010_CA_1_evaluation,HOBBIES_2_010,HOBBIES_2,HOBBIES,CA_1,CA,69,HOBBIES_low
HOBBIES_1_186_TX_2_evaluation,HOBBIES_1_186,HOBBIES_1,HOBBIES,TX_2,TX,69,HOBBIES_low
HOBBIES_2_119_WI_1_evaluation,HOBBIES_2_119,HOBBIES_2,HOBBIES,WI_1,WI,69,HOBBIES_low
HOBBIES_2_012_WI_3_evaluation,HOBBIES_2_012,HOBBIES_2,HOBBIES,WI_3,WI,70,HOBBIES_low
HOBBIES_1_336_WI_3_evaluation,HOBBIES_1_336,HOBBIES_1,HOBBIES,WI_3,WI,70,HOBBIES_low
HOBBIES_1_011_WI_1_evaluation,HOBBIES_1_011,HOBBIES_1,HOBBIES,WI_1,WI,70,HOBBIES_low
HOBBIES_2_079_TX_1_evaluation,HOBBIES_2_079,HOBBIES_2,HOBBIES,TX_1,TX,70,HOBBIES_low
HOBBIES_2_094_CA_4_evaluation,HOBBIES_2_094,HOBBIES_2,HOBBIES,CA_4,CA,70,HOBBIES_low
HOBBIES_1_302_TX_1_evaluation,HOBBIES_1_302,HOBBIES_1,HOBBIES,TX_1,TX,71,HOBBIES_low
HOBBIES_1_180_TX_3_evaluation,HOBBIES_1_180,HOBBIES_1,HOBBIES,TX_3,TX,71,HOBBIES_low
HOBBIES_1_011_WI_3_evaluation,HOBBIES_1_011,HOBBIES_1,HOBBIES,WI_3,WI,71,HOBBIES_low
HOBBIES_1_136_CA_2_evaluation,HOBBIES_1_136,HOBBIES_1,HOBBIES,CA_2,CA,71,HOBBIES_low
HOBBIES_1_062_WI_3_evaluation,HOBBIES_1_062,HOBBIES_1,HOBBIES,WI_3,WI,71,HOBBIES_low
HOBBIES_2_079_WI_2_evaluation,HOBBIES_2_079,HOBBIES_2,HOBBIES,WI_2,WI,71,HOBBIES_low
HOBBIES_1_054_WI_2_evaluation,HOBBIES_1_054,HOBBIES_1,HOBBIES,WI_2,WI,71,HOBBIES_low
HOBBIES_2_111_CA_2_evaluation,HOBBIES_2_111,HOBBIES_2,HOBBIES,CA_2,CA,71,HOBBIES_low
HOBBIES_2_126_WI_2_evaluation,HOBBIES_2_126,HOBBIES_2,HOBBIES,WI_2,WI,71,HOBBIES_low
HOBBIES_2_099_WI_1_evaluation,HOBBIES_2_099,HOBBIES_2,HOBBIES,WI_1,WI,71,HOBBIES_low
HOBBIES_2_097_CA_3_evaluation,HOBBIES_2_097,HOBBIES_2,HOBBIES,CA_3,CA,72,HOBBIES_low
HOBBIES_2_108_WI_2_evaluation,HOBBIES_2_108,HOBBIES_2,HOBBIES,WI_2,WI,72,HOBBIES_low
HOBBIES_1_136_WI_1_evaluation,HOBBIES_1_136,HOBBIES_1,HOBBIES,WI_1,WI,72,HOBBIES_low
HOBBIES_2_097_CA_4_evaluation,HOBBIES_2_097,HOBBIES_2,HOBBIES,CA_4,CA,72,HOBBIES_low
HOBBIES_1_184_TX_3_evaluation,HOBBIES_1_184,HOBBIES_1,HOBBIES,TX_3,TX,72,HOBBIES_low
HOBBIES_2_138_WI_3_evaluation,HOBBIES_2_138,HOBBIES_2,HOBBIES,WI_3,WI,72,HOBBIES_low
HOBBIES_1_135_WI_2_evaluation,HOBBIES_1_135,HOBBIES_1,HOBBIES,WI_2,WI,72,HOBBIES_low
HOBBIES_1_305_WI_1_evaluation,HOBBIES_1_305,HOBBIES_1,HOBBIES,WI_1,WI,72,HOBBIES_low
HOBBIES_2_082_WI_2_evaluation,HOBBIES_2_082,HOBBIES_2,HOBBIES,WI_2,WI,72,HOBBIES_low
HOBBIES_1_190_WI_3_evaluation,HOBBIES_1_190,HOBBIES_1,HOBBIES,WI_3,WI,73,HOBBIES_low
HOBBIES_2_095_CA_4_evaluation,HOBBIES_2_095,HOBBIES_2,HOBBIES,CA_4,CA,73,HOBBIES_low
HOBBIES_2_082_WI_3_evaluation,HOBBIES_2_082,HOBBIES_2,HOBBIES,WI_3,WI,73,HOBBIES_low
HOBBIES_1_302_CA_4_evaluation,HOBBIES_1_302,HOBBIES_1,HOBBIES,CA_4,CA,73,HOBBIES_low
HOBBIES_1_053_WI_1_evaluation,HOBBIES_1_053,HOBBIES_1,HOBBIES,WI_1,WI,73,HOBBIES_low
HOBBIES_1_347_CA_4_evaluation,HOBBIES_1_347,HOBBIES_1,HOBBIES,CA_4,CA,73,HOBBIES_low
HOBBIES_1_405_TX_3_evaluation,HOBBIES_1_405,HOBBIES_1,HOBBIES,TX_3,TX,74,HOBBIES_low
HOBBIES_2_099_CA_3_evaluation,HOBBIES_2_099,HOBBIES_2,HOBBIES,CA_3,CA,74,HOBBIES_low
HOBBIES_2_108_CA_4_evaluation,HOBBIES_2_108,HOBBIES_2,HOBBIES,CA_4,CA,74,HOBBIES_low
HOBBIES_1_125_TX_1_evaluation,HOBBIES_1_125,HOBBIES_1,HOBBIES,TX_1,TX,74,HOBBIES_low
HOBBIES_2_111_TX_3_evaluation,HOBBIES_2_111,HOBBIES_2,HOBBIES,TX_3,TX,74,HOBBIES_low
HOBBIES_2_038_WI_3_evaluation,HOBBIES_2_038,HOBBIES_2,HOBBIES,WI_3,WI,75,HOBBIES_low
HOBBIES_2_017_CA_4_evaluation,HOBBIES_2_017,HOBBIES_2,HOBBIES,CA_4,CA,75,HOBBIES_low
HOBBIES_1_229_WI_3_evaluation,HOBBIES_1_229,HOBBIES_1,HOBBIES,WI_3,WI,76,HOBBIES_low
HOBBIES_1_045_TX_2_evaluation,HOBBIES_1_045,HOBBIES_1,HOBBIES,TX_2,TX,76,HOBBIES_low
HOBBIES_2_030_WI_2_evaluation,HOBBIES_2_030,HOBBIES_2,HOBBIES,WI_2,WI,76,HOBBIES_low
HOBBIES_2_023_CA_1_evaluation,HOBBIES_2_023,HOBBIES_2,HOBBIES,CA_1,CA,77,HOBBIES_low
HOBBIES_1_191_WI_2_evaluation,HOBBIES_1_191,HOBBIES_1,HOBBIES,WI_2,WI,77,HOBBIES_low
HOBBIES_2_084_CA_2_evaluation,HOBBIES_2_084,HOBBIES_2,HOBBIES,CA_2,CA,77,HOBBIES_low
HOBBIES_1_190_TX_1_evaluation,HOBBIES_1_190,HOBBIES_1,HOBBIES,TX_1,TX,77,HOBBIES_low
HOBBIES_1_046_WI_2_evaluation,HOBBIES_1_046,HOBBIES_1,HOBBIES,WI_2,WI,77,HOBBIES_low
HOBBIES_2_066_TX_2_evaluation,HOBBIES_2_066,HOBBIES_2,HOBBIES,TX_2,TX,77,HOBBIES_low
HOBBIES_2_041_WI_3_evaluation,HOBBIES_2_041,HOBBIES_2,HOBBIES,WI_3,WI,77,HOBBIES_low
HOBBIES_2_056_CA_4_evaluation,HOBBIES_2_056,HOBBIES_2,HOBBIES,CA_4,CA,78,HOBBIES_low
HOBBIES_2_135_CA_4_evaluation,HOBBIES_2_135,HOBBIES_2,HOBBIES,CA_4,CA,78,HOBBIES_low
HOBBIES_1_112_CA_4_evaluation,HOBBIES_1_112,HOBBIES_1,HOBBIES,CA_4,CA,78,HOBBIES_low
HOBBIES_1_192_WI_2_evaluation,HOBBIES_1_192,HOBBIES_1,HOBBIES,WI_2,WI,78,HOBBIES_low
HOBBIES_1_170_TX_3_evaluation,HOBBIES_1_170,HOBBIES_1,HOBBIES,TX_3,TX,78,HOBBIES_low
HOBBIES_2_035_WI_3_evaluation,HOBBIES_2_035,HOBBIES_2,HOBBIES,WI_3,WI,78,HOBBIES_low
HOBBIES_1_390_CA_4_evaluation,HOBBIES_1_390,HOBBIES_1,HOBBIES,CA_4,CA,79,HOBBIES_low
HOBBIES_2_132_WI_3_evaluation,HOBBIES_2_132,HOBBIES_2,HOBBIES,WI_3,WI,79,HOBBIES_low
HOBBIES_1_052_WI_2_evaluation,HOBBIES_1_052,HOBBIES_1,HOBBIES,WI_2,WI,79,HOBBIES_low
HOBBIES_2_111_WI_2_evaluation,HOBBIES_2_111,HOBBIES_2,HOBBIES,WI_2,WI,79,HOBBIES_low
HOBBIES_1_344_WI_3_evaluation,HOBBIES_1_344,HOBBIES_1,HOBBIES,WI_3,WI,79,HOBBIES_low
HOBBIES_1_292_WI_2_evaluation,HOBBIES_1_292,HOBBIES_1,HOBBIES,WI_2,WI,79,HOBBIES_low
HOBBIES_2_090_CA_4_evaluation,HOBBIES_2_090,HOBBIES_2,HOBBIES,CA_4,CA,79,HOBBIES_low
HOBBIES_1_243_WI_2_evaluation,HOBBIES_1_243,HOBBIES_1,HOBBIES,WI_2,WI,79,HOBBIES_low
HOBBIES_1_083_TX_3_evaluation,HOBBIES_1_083,HOBBIES_1,HOBBIES,TX_3,TX,80,HOBBIES_low
HOBBIES_2_001_TX_1_evaluation,HOBBIES_2_001,HOBBIES_2,HOBBIES,TX_1,TX,80,HOBBIES_low
HOBBIES_2_111_WI_1_evaluation,HOBBIES_2_111,HOBBIES_2,HOBBIES,WI_1,WI,80,HOBBIES_low
HOBBIES_1_302_CA_1_evaluation,HOBBIES_1_302,HOBBIES_1,HOBBIES,CA_1,CA,80,HOBBIES_low
HOBBIES_2_016_CA_4_evaluation,HOBBIES_2_016,HOBBIES_2,HOBBIES,CA_4,CA,80,HOBBIES_low
HOBBIES_2_139_CA_4_evaluation,HOBBIES_2_139,HOBBIES_2,HOBBIES,CA_4,CA,80,HOBBIES_low
HOBBIES_2_099_WI_3_evaluation,HOBBIES_2_099,HOBBIES_2,HOBBIES,WI_3,WI,81,HOBBIES_low
HOBBIES_1_217_TX_2_evaluation,HOBBIES_1_217,HOBBIES_1,HOBBIES,TX_2,TX,81,HOBBIES_low
HOBBIES_2_067_CA_4_evaluation,HOBBIES_2_067,HOBBIES_2,HOBBIES,CA_4,CA,81,HOBBIES_low
HOBBIES_1_269_WI_3_evaluation,HOBBIES_1_269,HOBBIES_1,HOBBIES,WI_3,WI,81,HOBBIES_low
HOBBIES_1_054_TX_2_evaluation,HOBBIES_1_054,HOBBIES_1,HOBBIES,TX_2,TX,81,HOBBIES_low
HOBBIES_2_106_TX_1_evaluation,HOBBIES_2_106,HOBBIES_2,HOBBIES,TX_1,TX,81,HOBBIES_low
HOBBIES_1_083_TX_1_evaluation,HOBBIES_1_083,HOBBIES_1,HOBBIES,TX_1,TX,81,HOBBIES_low
HOBBIES_1_065_WI_1_evaluation,HOBBIES_1_065,HOBBIES_1,HOBBIES,WI_1,WI,81,HOBBIES_low
HOBBIES_2_079_CA_4_evaluation,HOBBIES_2_079,HOBBIES_2,HOBBIES,CA_4,CA,81,HOBBIES_low
HOBBIES_1_402_CA_4_evaluation,HOBBIES_1_402,HOBBIES_1,HOBBIES,CA_4,CA,81,HOBBIES_low
HOBBIES_2_027_WI_1_evaluation,HOBBIES_2_027,HOBBIES_2,HOBBIES,WI_1,WI,81,HOBBIES_low
HOBBIES_1_375_WI_2_evaluation,HOBBIES_1_375,HOBBIES_1,HOBBIES,WI_2,WI,81,HOBBIES_low
HOBBIES_2_127_TX_3_evaluation,HOBBIES_2_127,HOBBIES_2,HOBBIES,TX_3,TX,81,HOBBIES_low
HOBBIES_1_136_WI_3_evaluation,HOBBIES_1_136,HOBBIES_1,HOBBIES,WI_3,WI,81,HOBBIES_low
HOBBIES_1_181_TX_2_evaluation,HOBBIES_1_181,HOBBIES_1,HOBBIES,TX_2,TX,82,HOBBIES_low
HOBBIES_1_053_CA_4_evaluation,HOBBIES_1_053,HOBBIES_1,HOBBIES,CA_4,CA,82,HOBBIES_low
HOBBIES_2_040_WI_3_evaluation,HOBBIES_2_040,HOBBIES_2,HOBBIES,WI_3,WI,82,HOBBIES_low
HOBBIES_1_304_WI_1_evaluation,HOBBIES_1_304,HOBBIES_1,HOBBIES,WI_1,WI,82,HOBBIES_low
HOBBIES_2_125_CA_4_evaluation,HOBBIES_2_125,HOBBIES_2,HOBBIES,CA_4,CA,82,HOBBIES_low
HOBBIES_2_030_CA_3_evaluation,HOBBIES_2_030,HOBBIES_2,HOBBIES,CA_3,CA,82,HOBBIES_low
HOBBIES_1_263_WI_2_evaluation,HOBBIES_1_263,HOBBIES_1,HOBBIES,WI_2,WI,82,HOBBIES_low
HOBBIES_2_012_WI_2_evaluation,HOBBIES_2_012,HOBBIES_2,HOBBIES,WI_2,WI,82,HOBBIES_low
HOBBIES_1_402_WI_3_evaluation,HOBBIES_1_402,HOBBIES_1,HOBBIES,WI_3,WI,82,HOBBIES_low
HOBBIES_2_027_TX_2_evaluation,HOBBIES_2_027,HOBBIES_2,HOBBIES,TX_2,TX,82,HOBBIES_low
HOBBIES_2_082_CA_2_evaluation,HOBBIES_2_082,HOBBIES_2,HOBBIES,CA_2,CA,83,HOBBIES_low
HOBBIES_2_090_WI_1_evaluation,HOBBIES_2_090,HOBBIES_2,HOBBIES,WI_1,WI,83,HOBBIES_low
HOBBIES_1_102_CA_4_evaluation,HOBBIES_1_102,HOBBIES_1,HOBBIES,CA_4,CA,83,HOBBIES_low
HOBBIES_2_106_WI_1_evaluation,HOBBIES_2_106,HOBBIES_2,HOBBIES,WI_1,WI,83,HOBBIES_low
HOBBIES_2_031_WI_1_evaluation,HOBBIES_2_031,HOBBIES_2,HOBBIES,WI_1,WI,83,HOBBIES_low
HOBBIES_2_058_CA_4_evaluation,HOBBIES_2_058,HOBBIES_2,HOBBIES,CA_4,CA,83,HOBBIES_low
HOBBIES_1_174_WI_1_evaluation,HOBBIES_1_174,HOBBIES_1,HOBBIES,WI_1,WI,83,HOBBIES_low
HOBBIES_1_245_TX_1_evaluation,HOBBIES_1_245,HOBBIES_1,HOBBIES,TX_1,TX,83,HOBBIES_low
HOBBIES_1_112_TX_1_evaluation,HOBBIES_1_112,HOBBIES_1,HOBBIES,TX_1,TX,83,HOBBIES_low
HOBBIES_1_126_WI_3_evaluation,HOBBIES_1_126,HOBBIES_1,HOBBIES,WI_3,WI,84,HOBBIES_low
HOBBIES_2_025_TX_2_evaluation,HOBBIES_2_025,HOBBIES_2,HOBBIES,TX_2,TX,84,HOBBIES_low
HOBBIES_2_086_WI_3_evaluation,HOBBIES_2_086,HOBBIES_2,HOBBIES,WI_3,WI,84,HOBBIES_low
HOBBIES_1_124_WI_2_evaluation,HOBBIES_1_124,HOBBIES_1,HOBBIES,WI_2,WI,84,HOBBIES_low
HOBBIES_1_033_CA_4_evaluation,HOBBIES_1_033,HOBBIES_1,HOBBIES,CA_4,CA,84,HOBBIES_low
HOBBIES_2_052_WI_3_evaluation,HOBBIES_2_052,HOBBIES_2,HOBBIES,WI_3,WI,84,HOBBIES_low
HOBBIES_1_294_CA_2_evaluation,HOBBIES_1_294,HOBBIES_1,HOBBIES,CA_2,CA,84,HOBBIES_low
HOBBIES_1_267_TX_1_evaluation,HOBBIES_1_267,HOBBIES_1,HOBBIES,TX_1,TX,84,HOBBIES_low
HOBBIES_1_136_CA_4_evaluation,HOBBIES_1_136,HOBBIES_1,HOBBIES,CA_4,CA,85,HOBBIES_low
HOBBIES_2_073_WI_3_evaluation,HOBBIES_2_073,HOBBIES_2,HOBBIES,WI_3,WI,85,HOBBIES_low
HOBBIES_2_077_WI_3_evaluation,HOBBIES_2_077,HOBBIES_2,HOBBIES,WI_3,WI,85,HOBBIES_low
HOBBIES_1_401_WI_2_evaluation,HOBBIES_1_401,HOBBIES_1,HOBBIES,WI_2,WI,85,HOBBIES_low
HOBBIES_2_084_WI_1_evaluation,HOBBIES_2_084,HOBBIES_2,HOBBIES,WI_1,WI,85,HOBBIES_low
HOBBIES_1_054_CA_3_evaluation,HOBBIES_1_054,HOBBIES_1,HOBBIES,CA_3,CA,85,HOBBIES_low
HOBBIES_2_044_CA_4_evaluation,HOBBIES_2_044,HOBBIES_2,HOBBIES,CA_4,CA,85,HOBBIES_low
HOBBIES_1_125_CA_3_evaluation,HOBBIES_1_125,HOBBIES_1,HOBBIES,CA_3,CA,85,HOBBIES_low
HOBBIES_1_283_CA_2_evaluation,HOBBIES_1_283,HOBBIES_1,HOBBIES,CA_2,CA,85,HOBBIES_low
HOBBIES_1_267_WI_1_evaluation,HOBBIES_1_267,HOBBIES_1,HOBBIES,WI_1,WI,86,HOBBIES_low
HOBBIES_2_023_TX_2_evaluation,HOBBIES_2_023,HOBBIES_2,HOBBIES,TX_2,TX,86,HOBBIES_low
HOBBIES_2_119_CA_3_evaluation,HOBBIES_2_119,HOBBIES_2,HOBBIES,CA_3,CA,86,HOBBIES_low
HOBBIES_2_084_CA_3_evaluation,HOBBIES_2_084,HOBBIES_2,HOBBIES,CA_3,CA,86,HOBBIES_low
HOBBIES_1_325_TX_3_evaluation,HOBBIES_1_325,HOBBIES_1,HOBBIES,TX_3,TX,86,HOBBIES_low
HOBBIES_2_030_TX_1_evaluation,HOBBIES_2_030,HOBBIES_2,HOBBIES,TX_1,TX,86,HOBBIES_low
HOBBIES_2_108_CA_2_evaluation,HOBBIES_2_108,HOBBIES_2,HOBBIES,CA_2,CA,86,HOBBIES_low
HOBBIES_2_021_CA_1_evaluation,HOBBIES_2_021,HOBBIES_2,HOBBIES,CA_1,CA,86,HOBBIES_low
HOBBIES_1_238_CA_4_evaluation,HOBBIES_1_238,HOBBIES_1,HOBBIES,CA_4,CA,86,HOBBIES_low
HOBBIES_2_005_TX_1_evaluation,HOBBIES_2_005,HOBBIES_2,HOBBIES,TX_1,TX,86,HOBBIES_low
HOBBIES_2_040_TX_1_evaluation,HOBBIES_2_040,HOBBIES_2,HOBBIES,TX_1,TX,87,HOBBIES_low
HOBBIES_2_138_CA_1_evaluation,HOBBIES_2_138,HOBBIES_2,HOBBIES,CA_1,CA,87,HOBBIES_low
HOBBIES_1_336_TX_1_evaluation,HOBBIES_1_336,HOBBIES_1,HOBBIES,TX_1,TX,87,HOBBIES_low
HOBBIES_2_013_CA_4_evaluation,HOBBIES_2_013,HOBBIES_2,HOBBIES,CA_4,CA,87,HOBBIES_low
HOBBIES_1_102_TX_3_evaluation,HOBBIES_1_102,HOBBIES_1,HOBBIES,TX_3,TX,87,HOBBIES_low
HOBBIES_2_108_TX_2_evaluation,HOBBIES_2_108,HOBBIES_2,HOBBIES,TX_2,TX,87,HOBBIES_low
HOBBIES_2_066_TX_3_evaluation,HOBBIES_2_066,HOBBIES_2,HOBBIES,TX_3,TX,87,HOBBIES_low
HOBBIES_1_274_CA_2_evaluation,HOBBIES_1_274,HOBBIES_1,HOBBIES,CA_2,CA,87,HOBBIES_low
HOBBIES_1_181_WI_1_evaluation,HOBBIES_1_181,HOBBIES_1,HOBBIES,WI_1,WI,87,HOBBIES_low
HOBBIES_2_133_CA_4_evaluation,HOBBIES_2_133,HOBBIES_2,HOBBIES,CA_4,CA,87,HOBBIES_low
HOBBIES_2_071_CA_4_evaluation,HOBBIES_2_071,HOBBIES_2,HOBBIES,CA_4,CA,88,HOBBIES_low
HOBBIES_1_176_WI_2_evaluation,HOBBIES_1_176,HOBBIES_1,HOBBIES,WI_2,WI,88,HOBBIES_low
HOBBIES_2_012_TX_3_evaluation,HOBBIES_2_012,HOBBIES_2,HOBBIES,TX_3,TX,88,HOBBIES_low
HOBBIES_1_070_CA_2_evaluation,HOBBIES_1_070,HOBBIES_1,HOBBIES,CA_2,CA,88,HOBBIES_low
HOBBIES_2_020_CA_4_evaluation,HOBBIES_2_020,HOBBIES_2,HOBBIES,CA_4,CA,88,HOBBIES_low
HOBBIES_2_040_CA_1_evaluation,HOBBIES_2_040,HOBBIES_2,HOBBIES,CA_1,CA,88,HOBBIES_low
HOBBIES_1_102_TX_2_evaluation,HOBBIES_1_102,HOBBIES_1,HOBBIES,TX_2,TX,88,HOBBIES_low
HOBBIES_2_099_WI_2_evaluation,HOBBIES_2_099,HOBBIES_2,HOBBIES,WI_2,WI,88,HOBBIES_low
HOBBIES_1_135_CA_2_evaluation,HOBBIES_1_135,HOBBIES_1,HOBBIES,CA_2,CA,88,HOBBIES_low
HOBBIES_1_018_CA_1_evaluation,HOBBIES_1_018,HOBBIES_1,HOBBIES,CA_1,CA,88,HOBBIES_low
HOBBIES_1_070_CA_4_evaluation,HOBBIES_1_070,HOBBIES_1,HOBBIES,CA_4,CA,88,HOBBIES_low
HOBBIES_1_136_CA_3_evaluation,HOBBIES_1_136,HOBBIES_1,HOBBIES,CA_3,CA,89,HOBBIES_low
HOBBIES_2_086_TX_1_evaluation,HOBBIES_2_086,HOBBIES_2,HOBBIES,TX_1,TX,89,HOBBIES_low
HOBBIES_2_014_WI_2_evaluation,HOBBIES_2_014,HOBBIES_2,HOBBIES,WI_2,WI,89,HOBBIES_low
HOBBIES_1_385_CA_4_evaluation,HOBBIES_1_385,HOBBIES_1,HOBBIES,CA_4,CA,89,HOBBIES_low
HOBBIES_1_180_TX_2_evaluation,HOBBIES_1_180,HOBBIES_1,HOBBIES,TX_2,TX,89,HOBBIES_low
HOBBIES_1_336_CA_4_evaluation,HOBBIES_1_336,HOBBIES_1,HOBBIES,CA_4,CA,89,HOBBIES_low
HOBBIES_2_057_TX_1_evaluation,HOBBIES_2_057,HOBBIES_2,HOBBIES,TX_1,TX,89,HOBBIES_low
HOBBIES_2_047_WI_2_evaluation,HOBBIES_2_047,HOBBIES_2,HOBBIES,WI_2,WI,90,HOBBIES_low
HOBBIES_1_125_WI_2_evaluation,HOBBIES_1_125,HOBBIES_1,HOBBIES,WI_2,WI,90,HOBBIES_low
HOBBIES_1_024_TX_3_evaluation,HOBBIES_1_024,HOBBIES_1,HOBBIES,TX_3,TX,90,HOBBIES_low
HOBBIES_1_163_WI_2_evaluation,HOBBIES_1_163,HOBBIES_1,HOBBIES,WI_2,WI,90,HOBBIES_low
HOBBIES_1_262_WI_3_evaluation,HOBBIES_1_262,HOBBIES_1,HOBBIES,WI_3,WI,90,HOBBIES_low
HOBBIES_1_045_CA_2_evaluation,HOBBIES_1_045,HOBBIES_1,HOBBIES,CA_2,CA,90,HOBBIES_low
HOBBIES_1_365_CA_4_evaluation,HOBBIES_1_365,HOBBIES_1,HOBBIES,CA_4,CA,90,HOBBIES_low
HOBBIES_1_181_WI_3_evaluation,HOBBIES_1_181,HOBBIES_1,HOBBIES,WI_3,WI,91,HOBBIES_low
HOBBIES_1_272_TX_3_evaluation,HOBBIES_1_272,HOBBIES_1,HOBBIES,TX_3,TX,91,HOBBIES_low
HOBBIES_2_066_TX_1_evaluation,HOBBIES_2_066,HOBBIES_2,HOBBIES,TX_1,TX,91,HOBBIES_low
HOBBIES_2_132_TX_1_evaluation,HOBBIES_2_132,HOBBIES_2,HOBBIES,TX_1,TX,91,HOBBIES_low
